Job ID,Job URL,Job Title,Company Name,Status,Timestamp,WP ID
7b2138c545ab01f9,https://fj.linkedin.com/jobs/view/plant-hygienist-at-fiji-water-4386570943,Plant Hygienist,FIJI Water,posted,2026-07-09T07:26:55.081965,35
aa321547ce2677f3,https://fj.linkedin.com/jobs/view/maintenance-technician-at-fiji-water-4438596086,Maintenance Technician,FIJI Water,posted,2026-07-09T07:27:04.630088,37
959ff6f85b5b87f6,https://fj.linkedin.com/jobs/view/gym-instructor-at-westin-hotels-resorts-4438202744,Gym Instructor,Westin Hotels &amp; Resorts,posted,2026-07-09T07:27:15.419607,39
092e6ab3c53f1b5b,https://fj.linkedin.com/jobs/view/expression-of-interest-global-graduate-corporate-regulatory-affairs-cora-at-bat-4416326349,Expression of Interest: Global Graduate- Corporate & Regulatory Affairs (CORA),,scraped,2026-07-09T07:27:18.043591,
d7ed73bb3d9b29b8,https://fj.linkedin.com/jobs/view/paralegal-officer-at-hfc-bank-fiji-4437098897,Paralegal Officer,HFC Bank - Fiji,posted,2026-07-09T07:27:36.447570,41
3dead8225c9a4af6,https://fj.linkedin.com/jobs/view/electrical-lead-at-bat-4436250431,Electrical Lead,,scraped,2026-07-09T07:27:39.071863,
487aff6c49095c1d,https://fj.linkedin.com/jobs/view/recreation-manager-at-marriott-international-4437781464,Recreation Manager,Marriott International,posted,2026-07-09T07:27:51.978321,43
54112f413d0dcc1b,https://fj.linkedin.com/jobs/view/hr-business-partner-at-digicel-fiji-4438584216,HR Business Partner,,scraped,2026-07-09T07:27:54.624962,
598dd20f7518e0df,https://fj.linkedin.com/jobs/view/cvm-analyst-at-digicel-central-resources-fiji-pte-limited-4438510486,CVM Analyst,Digicel Central Resources (Fiji) Pte Limited,posted,2026-07-09T07:28:08.537340,45
82810ba160c695b9,https://fj.linkedin.com/jobs/view/human-resources-executive-at-marriott-international-4427657933,Human Resources Executive,Marriott International,posted,2026-07-09T07:28:17.700705,47
cba9e923ae9848e6,https://fj.linkedin.com/jobs/view/senior-business-manager-at-anz-4426449704,Senior Business Manager,,scraped,2026-07-09T07:28:20.346417,
bdf10b23d7fa0a07,https://fj.linkedin.com/jobs/view/director-solution-sales-engineering-pacific-region-fiji-at-parallel-wireless-4388789399,"Director, Solution Sales Engineering, Pacific region (Fiji)",Parallel Wireless,posted,2026-07-09T07:28:33.072983,49
aff239ee4f68f431,https://fj.linkedin.com/jobs/view/director-of-services-at-sheraton-hotels-resorts-4436720391,Director of Services,Sheraton Hotels &amp; Resorts,posted,2026-07-09T07:28:42.416176,51
b6360161c37c9bdd,https://fj.linkedin.com/jobs/view/strengthening-disaster-risk-financing-systems-and-partnerships-for-social-sectors-and-children-in-the-pacific-suva-%E2%80%93-fiji-homes-based-with-travel-17-months-%23594196-at-unicef-chad-4433147826,Strengthening Disaster Risk Financing Systems and Partnerships for Social Sectors and Children in the Pacific. Suva – Fiji. Homes Based with Travel.17 Months.#594196,Unicef CHAD,posted,2026-07-09T07:28:57.020403,53
8533a85d18d9569c,https://fj.linkedin.com/jobs/view/food-beverage-supervisor-at-marriott-international-4429525061,Food & Beverage Supervisor,Marriott International,posted,2026-07-09T07:29:05.745693,55
419244a851c4526a,https://fj.linkedin.com/jobs/view/hotel-manager-at-sheraton-hotels-resorts-4416667355,Hotel Manager,Sheraton Hotels &amp; Resorts,posted,2026-07-09T07:29:14.810772,57
17c5fa47bc593c87,https://fj.linkedin.com/jobs/view/senior-system-engineer-at-go2-solutions-pte-ltd-4436060650,Senior System Engineer,,scraped,2026-07-09T07:29:17.561320,
0c2e13833297f736,https://fj.linkedin.com/jobs/view/marketing-specialist-at-gateway-technology-solutions-pte-ltd-4436046402,Marketing Specialist,,scraped,2026-07-09T07:29:25.231594,
02618f4feb8fb0f7,https://fj.linkedin.com/jobs/view/treasury-executive-at-digicel-central-resources-fiji-pte-limited-4436463874,Treasury Executive,Digicel Central Resources (Fiji) Pte Limited,posted,2026-07-09T07:29:39.002663,59
d206bfb152f83a97,https://fj.linkedin.com/jobs/view/commis-3-at-marriott-international-4427166634,Commis 3,Marriott International,posted,2026-07-09T07:29:49.081359,61
c7631e97279f82d2,https://fj.linkedin.com/jobs/view/secondary-mathematics-teaching-learning-officer-australia-fiji-education-program-at-abt-global-australia-4435618865,Secondary Mathematics Teaching & Learning Officer - Australia Fiji Education Program,,scraped,2026-07-09T07:29:51.708881,
ba2b5a22d08dabcf,https://fj.linkedin.com/jobs/view/sales-assistant-stage-molfetta-c-c-gran-shopping-mongolfiera-at-jd-sports-fashion-4426643104,"Sales assistant (Stage) - Molfetta C.C. "" Gran Shopping Mongolfiera""",,scraped,2026-07-09T07:29:58.186267,
4e7b492b84cc16a5,https://fj.linkedin.com/jobs/view/capacity-assessment-and-training-consultant-at-global-green-growth-institute-4436467776,Capacity Assessment and Training Consultant,,scraped,2026-07-09T07:30:06.049611,
84bbc21be258c583,https://fj.linkedin.com/jobs/view/programme-development-unit-officer-adaptation-at-dt-global-4435434319,Programme Development Unit Officer - Adaptation,DT Global,posted,2026-07-09T07:30:19.807475,63
b3b00f092020b007,https://fj.linkedin.com/jobs/view/senior-plumber-at-marriott-international-4427176393,Senior Plumber,Marriott International,posted,2026-07-09T07:30:29.180828,65
47dbfe2471d61af1,https://fj.linkedin.com/jobs/view/sales-assistant-categorie-protette-molfetta-c-c-gran-shopping-mongolfiera-at-jd-sports-fashion-4426634224,"Sales assistant Categorie Protette - Molfetta C.C. "" Gran Shopping Mongolfiera""",,scraped,2026-07-09T07:30:31.795266,
1bc4cc2d07ca3196,https://fj.linkedin.com/jobs/view/office-administrator-fiji-at-ghd-4437373852,Office Administrator - Fiji,,scraped,2026-07-09T11:26:50.563935,
4c1b016dc49dc4e2,https://fj.linkedin.com/jobs/view/project-officer-%E2%80%93-sustainable-agriculture-and-agrifood-value-chain-development-local-agent-group-i-at-eubam-libya-4437113786,Project Officer – Sustainable Agriculture and Agrifood Value Chain Development (Local Agent Group I),,scraped,2026-07-09T11:26:57.957216,
542704947efdce33,https://fj.linkedin.com/jobs/view/health-officer-immunization-no-2-fixed-term-position-fiji-pacific-islands-mcp-tarawa-kiribati-%2300134962-at-unicef-chad-4433731649,"Health Officer (Immunization), NO-2, Fixed Term Position, Fiji (Pacific Islands) - MCP, Tarawa, Kiribati, #00134962",Unicef CHAD,posted,2026-07-09T11:27:22.147040,67
17a36099a261e32f,https://fj.linkedin.com/jobs/view/administrative-assistant-at-pacific-community-spc-4436470759,Administrative Assistant,,scraped,2026-07-09T11:27:24.745979,
afb5a70d0ac46c57,https://fj.linkedin.com/jobs/view/customer-service-officer-sigatoka-at-merchant-finance-pte-limited-4436355252,Customer Service Officer -  Sigatoka,,scraped,2026-07-09T11:27:32.104677,
1cc89192c46c7829,https://fj.linkedin.com/jobs/view/front-office-guest-service-assistant-airport-representative-at-sheraton-hotels-resorts-4436713821,Front Office Guest Service Assistant- Airport Representative,Sheraton Hotels &amp; Resorts,posted,2026-07-09T11:27:51.182524,69
21ea77b882997243,https://fj.linkedin.com/jobs/view/graduate-engineer-at-fiji-water-4438583649,Graduate Engineer,FIJI Water,posted,2026-07-09T11:28:01.719832,71
4cf077940b67a947,https://fj.linkedin.com/jobs/view/wash-officer-nob-temporary-appointment-kiritimati-kiribati-pacific-islands-%E2%80%93-mcp-%23-136902-open-to-kiribati-national-only-at-unicef-chad-4433723924,"WASH Officer, NOB, Temporary Appointment, Kiritimati, Kiribati (Pacific Islands) – MCP, # 136902 [Open to Kiribati National Only]",Unicef CHAD,posted,2026-07-09T11:28:15.438664,73
bd5e04eff3ca43f1,https://fj.linkedin.com/jobs/view/head-of-business-development-at-vision-investments-limited-4438521807,Head of Business Development,Vision Investments Limited,posted,2026-07-09T11:28:30.932568,75
22aca864f7c2e6fc,https://fj.linkedin.com/jobs/view/onboarding-associate-transfer-agency-12-month-contract-at-apex-group-ltd-4433933292,Onboarding Associate - Transfer Agency (12-month contract),,scraped,2026-07-09T11:28:33.571617,
4e1ad49e340a55c4,https://fj.linkedin.com/jobs/view/marketing-events-coordinator-at-r-c-manubhai-co-pte-ltd-4436515596,Marketing & Events Coordinator,,scraped,2026-07-09T11:28:40.191264,
53776d2a088f54c6,https://fj.linkedin.com/jobs/view/senior-human-resources-advisor-at-australian-volunteers-international-4435001701,Senior Human Resources Advisor,Australian Volunteers International,posted,2026-07-09T11:29:09.543718,77
cdf47767c3d0677b,https://fj.linkedin.com/jobs/view/solicitor-at-ap-legal-4436978474,Solicitor,,scraped,2026-07-09T11:29:12.139428,
74f1f4c4b0c2cc5c,https://fj.linkedin.com/jobs/view/food-and-beverage-guest-service-attendant-at-westin-hotels-resorts-4438219010,Food and Beverage Guest Service Attendant,Westin Hotels &amp; Resorts,posted,2026-07-09T11:29:31.777174,79
0fc2d0aba0883979,https://fj.linkedin.com/jobs/view/restaurant-supervisor-at-sheraton-hotels-resorts-4437789237,Restaurant Supervisor,Sheraton Hotels &amp; Resorts,posted,2026-07-09T11:29:43.805958,81
ce045340c9d1b9ea,https://fj.linkedin.com/jobs/view/project-manager-senior-project-engineer-gradute-engineer-at-clay-energy-4435404086,"Project Manager, Senior Project Engineer & Gradute Engineer",,scraped,2026-07-09T18:28:31.320459,
c67a8977cd7968ef,https://fj.linkedin.com/jobs/view/director-land-resources-division-at-pacific-community-spc-4438135872,Director - Land Resources Division,,scraped,2026-07-09T18:28:38.870227,
a01d1c663702c4e1,https://fj.linkedin.com/jobs/view/sales-assistant-part-time-molfetta-c-c-gran-shopping-mongolfiera-at-jd-sports-fashion-4426637203,"Sales assistant (Part Time) - Molfetta C.C. "" Gran Shopping Mongolfiera""",,scraped,2026-07-09T18:28:46.170382,
22f7e611127f4673,https://fj.linkedin.com/jobs/view/consultant-for-development-of-gavi-6-0-holistic-application-solomon-islands-2026%E2%80%93-2030-solomon-islands-remotely-with-travel-international-consultancy-6-months-req%23594339-at-unicef-chad-4435905311,"Consultant for development of Gavi 6.0 Holistic Application Solomon Islands (2026– 2030), Solomon Islands, Remotely (with travel), International Consultancy, 6 months, Req#594339",Unicef CHAD,posted,2026-07-09T18:29:07.754519,83
2e230a3370fc0525,https://fj.linkedin.com/jobs/view/spa-receptionist-at-marriott-international-4427664872,Spa Receptionist,Marriott International,posted,2026-07-09T18:29:18.418425,85
6e7c8cbee598eef1,https://fj.linkedin.com/jobs/view/consultant-for-development-of-holistic-gavi-6-0-application-solomon-islands-2026%E2%80%93-2030-solomon-islands-6-months-office-based-nationals-only-%23594343-at-unicef-chad-4435698432,"Consultant for development of Holistic Gavi 6.0 Application Solomon Islands (2026– 2030), Solomon Islands,6 Months, Office based. Nationals only.#594343",Unicef CHAD,posted,2026-07-09T18:29:31.774953,87
519ab1a58c50d2fd,https://fj.linkedin.com/jobs/view/client-account-manager-at-ubs-4428720033,Client Account Manager,UBS,posted,2026-07-09T23:56:21.198198,89
2a894e88155d46cc,https://fj.linkedin.com/jobs/view/accounts-payable-executive-at-digicel-central-resources-fiji-pte-limited-4436454289,Accounts Payable Executive,Digicel Central Resources (Fiji) Pte Limited,posted,2026-07-09T23:56:36.584126,91
e8ac7b8b92ca1f85,https://fj.linkedin.com/jobs/view/learning-development-consultant-at-rcl-services-4437988196,Learning & Development Consultant,,scraped,2026-07-10T11:23:55.875284,
0e923b89e7acded2,https://fj.linkedin.com/jobs/view/impact-monitoring-and-data-officer-ipe-47-fixed-term-wwf-pacific-islands-fiji-conservation-impact-at-wwf-cities-4437751690,Impact Monitoring and Data Officer (IPE 47 - Fixed Term - WWF Pacific Islands - Fiji - Conservation Impact),WWF Cities,posted,2026-07-10T11:24:37.602588,93
e8582b37437d5a01,https://fj.linkedin.com/jobs/view/hearing-and-ear-care-consultant-in-federated-states-of-micronesia-fsm-12-months-pohnpei-internationals-only-with-travel-%23594282-at-unicef-chad-4434824088,Hearing and Ear Care Consultant in Federated States of Micronesia (FSM).12 Months. Pohnpei. Internationals only(With Travel).#594282,Unicef CHAD,posted,2026-07-10T11:24:50.111878,95
e0887093186203be,https://fj.linkedin.com/jobs/view/marine-species-officer-ipe-47-fixed-term-wwf-pacific-islands-fiji-conservation-impact-at-wwf-cities-4437768116,Marine Species Officer (IPE 47 - Fixed Term - WWF Pacific Islands - Fiji - Conservation Impact),WWF Cities,posted,2026-07-10T11:25:08.800284,97
5487d7a856ce047c,https://fj.linkedin.com/jobs/view/marketing-intern-at-moveabroad-co-4430842128,Marketing Intern,,scraped,2026-07-10T11:25:11.317125,
cd174134b8cca1b9,https://fj.linkedin.com/jobs/view/legal-officer-at-pacific-community-spc-4438621126,Legal Officer,,scraped,2026-07-10T18:12:55.399642,
22758882c3974880,https://fj.linkedin.com/jobs/view/national-project-coordinator-agrifood-systems-at-fao-4433949959,National Project Coordinator (Agrifood Systems),,scraped,2026-07-10T18:13:04.666515,
496456e3f5104101,https://fj.linkedin.com/jobs/view/jrfp-research-fellow-junior-code-eu-2026-u884-at-european-institute-of-policy-research-and-human-rights-aisbl-4437063371,(JRFP)-Research Fellow-Junior (Code: EU-2026-U884),,scraped,2026-07-10T18:13:12.956954,
18ff8fd92da7b80b,https://fj.linkedin.com/jobs/view/food-beverage-outlet-manager-at-ihg-hotels-resorts-4434809733,Food & Beverage Outlet Manager,,scraped,2026-07-10T18:13:35.943879,
c5072dd7557bba39,https://fj.linkedin.com/jobs/view/front-desk-team-leader-at-marriott-international-4430943880,Front Desk Team Leader,Marriott International,posted,2026-07-10T23:33:10.762446,99
1345a04e0af27084,https://fj.linkedin.com/jobs/view/recreation-assistant-at-marriott-international-4430943855,Recreation Assistant,Marriott International,posted,2026-07-10T23:33:34.318195,101
36f34289d7219e67,https://fj.linkedin.com/jobs/view/commis-2-at-marriott-international-4430956101,Commis 2,Marriott International,posted,2026-07-10T23:33:50.798911,103
742a7765e1c0e9e8,https://fj.linkedin.com/jobs/view/spa-masseur-at-marriott-international-4430946685,Spa Masseur,Marriott International,posted,2026-07-10T23:34:02.662127,105
b5334a0c9b25d20e,https://fj.linkedin.com/jobs/view/chef-de-partie-sushi-chef-at-sheraton-hotels-resorts-4430756816,Chef de Partie - Sushi Chef,Sheraton Hotels &amp; Resorts,posted,2026-07-10T23:34:13.063336,107
2149bcdf0d6c9df4,https://fj.linkedin.com/jobs/view/project-officer-%E2%80%93-sustainable-agriculture-and-agrifood-value-chain-development-local-agent-group-i-at-eubam-libya-4439392755,Project Officer – Sustainable Agriculture and Agrifood Value Chain Development (Local Agent Group I),,scraped,2026-07-11T11:37:27.072988,
1be01af2d391686d,https://fj.linkedin.com/jobs/view/n4h-pacific-regional-systems-thinking-consultant-at-un-environment-programme-4438348387,N4H PACIFIC REGIONAL SYSTEMS THINKING CONSULTANT,,scraped,2026-07-11T11:37:33.913322,
f709ef5afba08e4c,https://fj.linkedin.com/jobs/view/global-graduate-marketing-at-bat-4430072220,Global Graduate - Marketing,,scraped,2026-07-11T15:33:45.904122,
d38aa8be442d8e21,https://fj.linkedin.com/jobs/view/sach%C2%ADbe%C2%ADar%C2%ADbei%C2%ADter-m-w-d-br%C3%BCcken-und-in%C2%ADge%C2%ADnieur%C2%ADbau-at-land-sachsen-anhalt-4438314777,Sach­be­ar­bei­ter (m/w/d) Brücken- und In­ge­nieur­bau,LAND SACHSEN-ANHALT,posted,2026-07-11T18:39:46.728407,109
511075bb644641ac,https://fj.linkedin.com/jobs/view/facilities-administration-officer-at-rcl-services-4436208658,Facilities & Administration Officer,,scraped,2026-07-11T18:39:49.325635,
f4709a3d5608cd62,https://fj.linkedin.com/jobs/view/front-office-guest-service-agent-at-sheraton-hotels-resorts-4438891855,Front Office Guest Service Agent,Sheraton Hotels &amp; Resorts,posted,2026-07-12T07:52:07.101584,111
05433084308224d4,https://fj.linkedin.com/jobs/view/hr-business-partner-pacific-fmu-at-conservation-south-africa-4439023436,"HR Business Partner, Pacific FMU",,scraped,2026-07-12T07:52:11.739357,
080542a40428f4f3,https://fj.linkedin.com/jobs/view/sales-director-customer-executive-pacific-region-at-parallel-wireless-4365095194,Sales Director / Customer Executive - Pacific Region,Parallel Wireless,posted,2026-07-12T15:40:26.176096,113
670b13a1d57e73f6,https://fj.linkedin.com/jobs/view/front-office-supervisor-night-auditor-at-sheraton-hotels-resorts-4439004173,Front Office Supervisor - Night Auditor,Sheraton Hotels &amp; Resorts,posted,2026-07-12T19:58:31.886672,115
7eca3ffc7d123e8a,https://fj.linkedin.com/jobs/view/country-sales-manager-canada-at-fiji-airways-4439100635,Country Sales Manager- Canada,Fiji Airways,posted,2026-07-12T22:34:43.506916,117
dbf4a54cac623b34,https://fj.linkedin.com/jobs/view/business-process-improvement-consultant-x2-australia-fiji-governance-partnership-at-abt-global-australia-4434523773,Business Process Improvement Consultant (x2) - Australia Fiji Governance Partnership,,scraped,2026-07-12T22:35:20.132624,
cdcb6c1bf6e9157c,https://fj.linkedin.com/jobs/view/wes-fleming-at-department-of-history-and-art-history-at-george-mason-university-4438994237,Wes Fleming,Department of History and Art History at George Mason University,posted,2026-07-13T11:45:00.747569,119
b795e9fc8d60c900,https://fj.linkedin.com/jobs/view/contact-centre-agent-sales-at-rcl-services-4439127043,Contact Centre Agent - Sales,,scraped,2026-07-13T11:45:25.311115,
834e57d6b03e5195,https://fj.linkedin.com/jobs/view/readvertisment-operationalization-of-integrated-management-of-neonatal-and-childhood-illness-imnci-tarawa-kiribati-health-and-nutrition-4-7-months-office-based-with-trip-only-international-at-unicef-mk-4439145677,"Readvertisment - Operationalization of Integrated Management of Neonatal and Childhood Illness (IMNCI), Tarawa, Kiribati/ Health and Nutrition, 4.7 months (office based with trip, ONLY INTERNATIONAL)",,scraped,2026-07-13T11:45:36.038792,
5f8310739016598d,https://fj.linkedin.com/jobs/view/readvertisment-operationalization-of-integrated-management-of-neonatal-and-childhood-illness-imnci-tarawa-kiribati-health-and-nutrition-4-7-months-office-based-with-trip-only-international-at-unicef-bangladesh-4439430107,"Readvertisment - Operationalization of Integrated Management of Neonatal and Childhood Illness (IMNCI), Tarawa, Kiribati/ Health and Nutrition, 4.7 months (office based with trip, ONLY INTERNATIONAL)",,scraped,2026-07-13T18:25:17.630414,
a1e7346287fc2c6b,https://fj.linkedin.com/jobs/view/farm-hand-attendant-at-marriott-international-4440011941,Farm Hand Attendant,Marriott International,posted,2026-07-13T18:25:32.678926,121
a9a4d48d54b89da9,https://fj.linkedin.com/jobs/view/people-lead-at-rcl-services-4437970938,People Lead,,scraped,2026-07-13T18:25:43.276685,
8c378fe86d517d8f,https://fj.linkedin.com/jobs/view/commis-chef-1-pastry-at-marriott-international-4430958099,Commis Chef 1 - Pastry,Marriott International,posted,2026-07-13T18:25:59.209171,123
a11c77c1772daf65,https://fj.linkedin.com/jobs/view/readvertisment-operationalization-of-integrated-management-of-neonatal-and-childhood-illness-imnci-tarawa-kiribati-health-and-nutrition-4-7-months-office-based-with-trip-only-international-at-unicef-chad-4437244735,"Readvertisment - Operationalization of Integrated Management of Neonatal and Childhood Illness (IMNCI), Tarawa, Kiribati/ Health and Nutrition, 4.7 months (office based with trip, ONLY INTERNATIONAL)",Unicef CHAD,posted,2026-07-13T18:26:15.298801,125
160d288b0777e4c3,https://fj.linkedin.com/jobs/view/senior-civil-engineer-at-ghd-4380650506,Senior Civil Engineer,,scraped,2026-07-13T23:17:57.933582,
ac90329b72111ded,https://fj.linkedin.com/jobs/view/apac-nutanix-engineer-networking-it-support-engineer-break-fix-support-at-itproposal-4437888048,APAC: Nutanix Engineer / Networking IT Support Engineer (Break & Fix Support),,scraped,2026-07-13T23:18:04.998680,
6f26893de7e079d4,https://fj.linkedin.com/jobs/view/security-manager-at-shangri-la-yanuca-island-fiji-4439806339,Security Manager,,scraped,2026-07-14T07:25:11.599335,
35103194e0443ea8,https://fj.linkedin.com/jobs/view/food-and-beverage-manager-at-hilton-4439819019,Food And Beverage Manager,Hilton,failed|wp_post_failed,2026-07-14T07:25:31.950137,
42a8b60198f53a86,https://fj.linkedin.com/jobs/view/information-technology-field-technician-at-gateway-technology-solutions-pte-ltd-4439801333,Information Technology Field Technician,,scraped,2026-07-14T07:25:34.511378,
25bc6c6ab3638b5f,https://fj.linkedin.com/jobs/view/project-manager-nature-based-solutions-for-flood-resilience-at-plan-international-brasil-4437645300,Project Manager - Nature Based Solutions for Flood Resilience,,scraped,2026-07-14T07:25:43.933787,
ac42a01766db57cb,https://fj.linkedin.com/jobs/view/commis-3-at-marriott-international-4440508234,Commis 3,Marriott International,failed|wp_post_failed,2026-07-14T07:26:07.827983,
657dc33130deb081,https://fj.linkedin.com/jobs/view/commis-2-pastry-at-marriott-international-4430954163,Commis 2 - Pastry,Marriott International,failed|wp_post_failed,2026-07-14T07:26:18.527157,
ee0bb90641a1db5b,https://fj.linkedin.com/jobs/view/spa-receptionist-at-marriott-international-4440029220,Spa Receptionist,Marriott International,failed|wp_post_failed,2026-07-14T07:26:29.114205,
4cb32aaef3b02aaa,https://fj.linkedin.com/jobs/view/food-beverage-assistant-at-marriott-international-4430961044,Food & Beverage Assistant,Marriott International,failed|wp_post_failed,2026-07-14T07:26:37.742665,
0476195a19b49da2,https://fj.linkedin.com/jobs/view/kids-club-guest-service-assistant-at-marriott-international-4440346958,Kids Club Guest Service Assistant,Marriott International,failed|wp_post_failed,2026-07-14T07:26:48.399015,
55ec7e658312c891,https://fj.linkedin.com/jobs/view/sales-marketing-manager-at-vision-investments-limited-4439834801,Sales Marketing Manager,Vision Investments Limited,failed|wp_post_failed,2026-07-14T12:50:59.418873,
215ca641b25e4577,https://fj.linkedin.com/jobs/view/finance-executive-store-receiver-at-marriott-international-4440501457,Finance Executive - Store Receiver,Marriott International,failed|wp_post_failed,2026-07-14T12:51:10.206457,
d54ba8a59d988d6f,https://fj.linkedin.com/jobs/view/registry-officer-transfer-agency-12-month-contract-at-apex-group-ltd-4437666289,"Registry Officer, Transfer Agency (12-month contract)",,scraped,2026-07-14T12:51:18.800126,
ed6a293f2d391a4a,https://fj.linkedin.com/jobs/view/project-manager-nature-based-solutions-for-flood-resilience-at-plan-international-nepal-4439488381,Project Manager - Nature Based Solutions for Flood Resilience,,scraped,2026-07-14T12:51:27.661980,
7080c8fbf8d754dc,https://fj.linkedin.com/jobs/view/housekeeping-attendant-at-marriott-international-4440514038,Housekeeping Attendant,Marriott International,failed|wp_post_failed,2026-07-14T12:51:42.663808,
4145ae3198fad688,https://fj.linkedin.com/jobs/view/pacific-technical-expert-for-strategy-and-coordination-of-ecd-and-inclusive-education-suva-fiji-remotely-with-travel-18-months-req%23594442-at-unicef-chad-4437606386,"Pacific Technical Expert for Strategy and Coordination of ECD and Inclusive Education, Suva, Fiji, (Remotely with Travel), 18 Months. Req#594442",Unicef CHAD,failed|wp_post_failed,2026-07-14T12:52:04.857622,
c6e9ef83fdf14028,https://fj.linkedin.com/jobs/view/wes-fleming-at-department-of-history-and-art-history-at-george-mason-university-4439850809,Wes Fleming,Department of History and Art History at George Mason University,posted,2026-07-14T17:51:58.200051,119
16036e364b3e71e8,https://fj.linkedin.com/jobs/view/pest-control-technician-at-neptune-pacific-direct-line-4431752647,Pest Control Technician,,scraped,2026-07-14T17:52:04.787069,
4dad85a056dc2dd1,https://fj.linkedin.com/jobs/view/documentation-coordinator-at-neptune-pacific-direct-line-4430599135,Documentation Coordinator,,scraped,2026-07-14T17:52:15.719255,
f8090035af407820,https://fj.linkedin.com/jobs/view/applications-developer-re-advertised-at-dt-global-4439806203,Applications Developer (Re-advertised),DT Global,posted,2026-07-14T17:52:34.291105,127
4c089c9fba49114a,https://fj.linkedin.com/jobs/view/commis-1-at-marriott-international-4430943879,Commis 1,Marriott International,posted,2026-07-14T17:53:08.549181,129
c0c7b9b05558e51a,https://fj.linkedin.com/jobs/view/assistant-manager-commercial-at-anz-4440521567,"Assistant Manager, Commercial",,scraped,2026-07-14T21:43:22.740654,
b7e0fd6d959e52af,https://fj.linkedin.com/jobs/view/programme-specialist-mental-health-and-psychosocial-support-p-3-ta-364-days-%23137950-mcp-pacific-office-suva-fiji-pacific-islands-eapr-at-unicef-chad-4438004705,"Programme Specialist (Mental Health and Psychosocial Support), P-3, TA (364 days), #137950, MCP, Pacific Office, Suva, Fiji (Pacific Islands) - EAPR",Unicef CHAD,posted,2026-07-14T21:43:45.466361,131
4ed46b54b602ba69,https://fj.linkedin.com/jobs/view/ehs-manager-at-neptune-pacific-direct-line-4430577474,EHS Manager,,scraped,2026-07-14T21:44:08.102708,
afd9496e506cb9f3,https://fj.linkedin.com/jobs/view/mandarin-speaking-duty-manager-at-sheraton-hotels-resorts-4421686994,Mandarin Speaking Duty Manager,Sheraton Hotels &amp; Resorts,posted,2026-07-14T21:44:35.708536,133
129b83b83c513050,https://fj.linkedin.com/jobs/view/contact-centre-agent-at-rcl-services-4439800955,Contact Centre Agent,,scraped,2026-07-15T06:30:03.733312,
66757b0fcb44a815,https://fj.linkedin.com/jobs/view/re-advertisement-programme-associate-g-6-temporary-position-8-months-%2300136934-kiritimati-kiribati-fiji-pacific-islands-%E2%80%93-mcp-for-national-and-work-permit-holders-only-at-unicef-chad-4438006550,"Re-advertisement - Programme Associate, G-6, Temporary Position (8 months), #00136934, Kiritimati, Kiribati, Fiji (Pacific Islands) – MCP (for national and work permit holders only)",Unicef CHAD,posted,2026-07-15T06:30:31.887100,135
4a9554007f9c95ba,https://fj.linkedin.com/jobs/view/regional-senior-officer-cfan-at-global-green-growth-institute-4440890883,Regional Senior Officer - CFAN,,scraped,2026-07-15T06:30:42.479376,
4b21ff6dcc73aec2,https://fj.linkedin.com/jobs/view/programme-leader-natural-resources-management-at-pacific-community-spc-4440899654,Programme Leader - Natural Resources Management,,scraped,2026-07-15T06:30:56.173577,
acfd97e04fa170f2,https://fj.linkedin.com/jobs/view/loss-prevention-officer-at-marriott-international-4440027289,Loss Prevention Officer,Marriott International,posted,2026-07-15T06:31:11.708863,137
0b50091c13cc8a69,https://fj.linkedin.com/jobs/view/registry-officer-at-apex-group-ltd-4438087021,Registry Officer,,scraped,2026-07-15T12:59:19.313112,
bc01ace5aa8a9656,https://fj.linkedin.com/jobs/view/pacific-small-islands-development-state-psids-coordinator-at-wwf-cities-4440956515,Pacific Small Islands Development State (PSIDS) Coordinator,WWF Cities,posted,2026-07-15T12:59:48.959487,139
281ba77d51a30599,https://fj.linkedin.com/jobs/view/rooms-guest-service-assistant-at-sheraton-hotels-resorts-4440971528,Rooms Guest Service Assistant,Sheraton Hotels &amp; Resorts,posted,2026-07-15T13:00:18.314194,141
2440ca4f5f0893e3,https://fj.linkedin.com/jobs/view/commis-iii-at-westin-hotels-resorts-4440919154,Commis III,Westin Hotels &amp; Resorts,posted,2026-07-15T18:00:59.385651,143
7f53f34e8449ecae,https://fj.linkedin.com/jobs/view/av-technician-at-encore-4440237986,AV Technician,Encore,posted,2026-07-15T18:01:15.805255,145
e58fe15f1d1c7063,https://fj.linkedin.com/jobs/view/rooms-guest-service-attendant-at-sheraton-hotels-resorts-4440977282,Rooms Guest Service Attendant,Sheraton Hotels &amp; Resorts,posted,2026-07-15T18:01:26.634617,147
499463972e7fa89d,https://fj.linkedin.com/jobs/view/executive-assistant-%E2%80%93-head-office-at-merchant-finance-pte-limited-4440994814,Executive Assistant – Head Office,,scraped,2026-07-15T18:01:43.334909,
0672edd7a6a74d8e,https://fj.linkedin.com/jobs/view/chef-de-cuisine-mexican-at-sheraton-hotels-resorts-4440542536,Chef de Cuisine - Mexican,Sheraton Hotels &amp; Resorts,posted,2026-07-15T18:02:12.304591,149
0186d6b564af4760,https://fj.linkedin.com/jobs/view/airfreight-assistant-suva-at-shipping-services-fiji-pte-limited-4439964815,Airfreight Assistant - Suva,Shipping Services (Fiji) Pte Limited,posted,2026-07-15T21:34:18.241672,151
e42f058580eb22e9,https://fj.linkedin.com/jobs/view/van-sales-executive-west-at-essity-4417617811,Van Sales Executive (West),,scraped,2026-07-15T21:34:20.932317,
7bd5c4cd49b3c1f0,https://fj.linkedin.com/jobs/view/recreation-guest-service-assistant-at-sheraton-hotels-resorts-4440966659,Recreation Guest Service Assistant,Sheraton Hotels &amp; Resorts,posted,2026-07-15T21:34:36.032403,153
896fd7715bba7451,https://fj.linkedin.com/jobs/view/wes-fleming-at-department-of-history-and-art-history-at-george-mason-university-4440613406,Wes Fleming,Department of History and Art History at George Mason University,posted,2026-07-16T06:37:25.389528,119
84614276c01b07a8,https://fj.linkedin.com/jobs/view/operations-officer-west-at-shipping-services-fiji-pte-limited-4440278114,Operations Officer - West,Shipping Services (Fiji) Pte Limited,posted,2026-07-16T06:37:38.353646,155
6e44a66af132a622,https://fj.linkedin.com/jobs/view/front-office-guest-service-agent-night-auditor-at-sheraton-hotels-resorts-4438899356,Front Office Guest Service Agent - Night Auditor,Sheraton Hotels &amp; Resorts,posted,2026-07-16T06:38:06.187964,157
f163f0935c0c2ea4,https://fj.linkedin.com/jobs/view/finance-executive-income-audit-at-sheraton-hotels-resorts-4440971545,Finance Executive (Income Audit),Sheraton Hotels &amp; Resorts,posted,2026-07-16T06:38:26.845444,159
db4efe216ab267d6,https://fj.linkedin.com/jobs/view/food-and-beverage-guest-service-attendant-bar-at-sheraton-hotels-resorts-4440652286,Food and Beverage Guest Service Attendant - Bar,Sheraton Hotels &amp; Resorts,posted,2026-07-16T06:38:39.459843,161
25ccfb47336e0b52,https://fj.linkedin.com/jobs/view/diploma-medical-imaging-technology-at-mai-education-consult-4441448093,Diploma Medical Imaging Technology,,scraped,2026-07-16T13:06:55.690495,
5150b1c725b34f5a,https://fj.linkedin.com/jobs/view/assistant-manager-logistics-and-procurement-at-sheraton-hotels-resorts-4440963756,Assistant Manager - Logistics and Procurement,Sheraton Hotels &amp; Resorts,posted,2026-07-16T13:07:14.093877,163
f083b9e2b8778e85,https://fj.linkedin.com/jobs/view/fixed-term-pest-control-technician-at-neptune-pacific-direct-line-4431758429,Fixed - term Pest Control Technician,,scraped,2026-07-16T13:07:46.817261,
c6f280ff663ae243,https://fj.linkedin.com/jobs/view/senior-plumber-at-marriott-international-4440021568,Senior Plumber,Marriott International,posted,2026-07-16T13:07:56.685074,65
5943a357d0db202d,https://fj.linkedin.com/jobs/view/technical-skills-panel-capacity-development-manager-at-dt-global-4440669232,Technical Skills Panel Capacity Development Manager,DT Global,posted,2026-07-16T13:08:05.541036,165
f209a88c54690312,https://fj.linkedin.com/jobs/view/food-and-beverage-guest-service-assistant-at-sheraton-hotels-resorts-4440650310,Food and Beverage Guest Service Assistant,Sheraton Hotels &amp; Resorts,posted,2026-07-16T13:08:14.130998,167
f8f47cca3666251c,https://fj.linkedin.com/jobs/view/factory-manager-at-cj-patel-group-of-companies-4441423387,Factory Manager,CJ Patel Group of Companies,posted,2026-07-16T18:01:22.532211,169
af013c81123ae56e,https://fj.linkedin.com/jobs/view/technical-skills-panel-capacity-development-coordinator-at-dt-global-4440653757,Technical Skills Panel Capacity Development Coordinator,DT Global,posted,2026-07-16T18:01:55.832441,171
8350d65aeaa9a138,https://fj.linkedin.com/jobs/view/technical-skills-panel-coordinator-at-dt-global-4440662512,Technical Skills Panel Coordinator,DT Global,posted,2026-07-16T18:02:05.056770,173
61a8ff6fc680b784,https://fj.linkedin.com/jobs/view/chief-child-protection-p-5-fixed-term-position-suva-fiji-pacific-islands-mcp-24-months-%2300043777-at-unicef-chad-4438753089,"Chief Child Protection, P-5, Fixed Term Position, Suva, Fiji (Pacific Islands) - MCP, 24 months, #00043777",Unicef CHAD,posted,2026-07-16T21:47:37.060472,175
0addf70b6d5b5540,https://fj.linkedin.com/jobs/view/supply-logistics-specialist-p-3-fixed-term-position-pacific-islands-mcp-pacific-office-suva-fiji-%2300113994-at-unicef-chad-4438742390,"Supply & Logistics Specialist, P-3, Fixed Term Position, Pacific Islands - MCP, Pacific Office, Suva, Fiji, #00113994",Unicef CHAD,posted,2026-07-16T21:48:09.289910,177
4a33416b7c0bfcc4,https://fj.linkedin.com/jobs/view/machine-operator-at-essity-4438750660,Machine Operator,,scraped,2026-07-17T06:29:02.696438,
14cf64e360e9993d,https://fj.linkedin.com/jobs/view/senior-marketing-manager-pacific-at-anz-4441921590,Senior Marketing Manager - Pacific,,scraped,2026-07-17T06:29:30.165720,
fa919b463cf78fc1,https://fj.linkedin.com/jobs/view/consultant-for-the-climate-risk-disclosure-guidelines-fiji-at-global-green-growth-institute-4441924425,"Consultant for the Climate Risk Disclosure Guidelines, Fiji",,scraped,2026-07-17T06:30:02.677299,
35935cd298690bbc,https://fj.linkedin.com/jobs/view/maintenance-technician-at-fiji-water-4441949006,Maintenance Technician,FIJI Water,posted,2026-07-17T12:19:42.930199,37
b8c1b07f89eb66fb,https://fj.linkedin.com/jobs/view/fiji-claims-centre-hub-lead-at-tower-insurance-4441109650,Fiji Claims Centre Hub Lead,,scraped,2026-07-17T12:20:01.730630,
e3e8b82a8f1c3270,https://fj.linkedin.com/jobs/view/msc-medical-biology-and-genetics-at-mai-education-consult-4441669316,MSc. Medical Biology and Genetics,,scraped,2026-07-17T12:20:24.722704,
de2761137010fa57,https://fj.linkedin.com/jobs/view/expression-of-interest-global-graduate-finance-at-bat-4424252410,Expression Of Interest - Global Graduate Finance,,scraped,2026-07-17T17:45:51.833228,
b531daa6c5eb3f55,https://fj.linkedin.com/jobs/view/steward-team-leader-at-marriott-international-4433210919,Steward Team Leader,Marriott International,posted,2026-07-17T17:46:09.518213,179
78057540c8b6c933,https://fj.linkedin.com/jobs/view/program-support-officer-health-australia-fiji-health-program-at-abt-global-australia-4439214287,"Program Support Officer, Health - Australia Fiji Health Program",,scraped,2026-07-17T17:46:22.109468,
d322a76228b79603,https://fj.linkedin.com/jobs/view/business-analyst-ba-at-codediva-4441332901,Business Analyst (BA),,scraped,2026-07-17T20:39:49.884019,
53ca1749139c3310,https://fj.linkedin.com/jobs/view/monitoring-evaluation-research-and-learning-merl-coordinator-australia-fiji-health-program-at-abt-global-australia-4439207753,"Monitoring, Evaluation, Research and Learning (MERL) Coordinator - Australia Fiji Health Program",,scraped,2026-07-18T05:55:27.312971,
219e0cf6f61ae546,https://fj.linkedin.com/jobs/view/technical-skills-panel-manager-at-dt-global-4440659651,Technical Skills Panel Manager,DT Global,posted,2026-07-18T05:55:41.779518,181
c1106abbe214ddae,https://fj.linkedin.com/jobs/view/expression-of-interest-global-graduate-marketing-at-bat-4412953556,Expression of Interest: Global Graduate - Marketing,,scraped,2026-07-18T15:37:41.025494,
fce7bf73c281a198,https://fj.linkedin.com/jobs/view/senior-auditor-%E2%9C%88%EF%B8%8F-move-to-vanuatu-nzd-80-000-%2B-airfares-medical-insurance-work-permit-etc-at-susie-vokins-associates-sva-4438562910,"Senior Auditor ✈️ Move to Vanuatu | NZD 80,000 | + Airfares, medical insurance, work permit etc",Susie Vokins Associates (SVA),posted,2026-07-18T15:37:59.548433,183
69f16e16a8ff5d47,https://fj.linkedin.com/jobs/view/account-executive-at-ncr-atleos-4411541381,Account Executive,NCR Atleos,posted,2026-07-18T19:56:27.736069,185
77b6511228eb2a91,https://fj.linkedin.com/jobs/view/secretary-at-eubam-libya-4442452936,SECRETARY,,scraped,2026-07-18T22:42:31.404382,
0c2212eda84def44,https://fj.linkedin.com/jobs/view/project-officer-%E2%80%93-transport-infrastructure-and-connectivity-development-local-agent-group-i-at-eubam-libya-4442466314,Project Officer – Transport Infrastructure and Connectivity Development (Local Agent Group I),,scraped,2026-07-19T08:03:41.238636,
57b25c5dabc43150,https://fj.linkedin.com/jobs/view/hr-business-partner-pacific-fmu-at-conservation-international-4424925344,"HR Business Partner, Pacific FMU",Conservation International,posted,2026-07-19T08:03:58.191744,187
f3fde34743d28976,https://fj.linkedin.com/jobs/view/artu-%E2%80%93-granule-21-4-%E2%80%93-hrana-za-odrasle-pse-piletina-20kg-at-granulica-pet-shop-4442526284,Artu – granule 21/4 – hrana za odrasle pse piletina 20kg,,scraped,2026-07-19T11:41:28.595007,
741898a7a86ac0a1,https://fj.linkedin.com/jobs/view/acana-dog-light-fit-at-granulica-pet-shop-4442527293,ACANA DOG Light & Fit,,scraped,2026-07-19T11:41:42.482238,
30d3c3ccc92b4422,https://fj.linkedin.com/jobs/view/acana-classics-wild-coast-at-granulica-pet-shop-4442510885,ACANA CLASSICS Wild Coast,,scraped,2026-07-19T11:41:49.343991,
92692fc45d4ef3ab,https://fj.linkedin.com/jobs/view/artu-%E2%80%93-granule-21-4-%E2%80%93-hrana-za-odrasle-pse-govedina-20kg-at-granulica-pet-shop-4442523511,Artu – granule 21/4 – hrana za odrasle pse govedina 20kg,,scraped,2026-07-19T11:41:56.133258,
8bbde0fe18ae2fcd,https://fj.linkedin.com/jobs/view/barkin-%C4%87uretina-adult-15kg-at-granulica-pet-shop-4442521597,Barkin Ćuretina Adult 15kg,,scraped,2026-07-19T11:42:02.840790,
8519706e329084ba,https://fj.linkedin.com/jobs/view/associate-%E2%80%93-project-3-month-fixed-term-at-thirdroc-4441767077,Associate – Project (3-Month Fixed Term),,scraped,2026-07-19T11:42:12.471105,
2321b384a26b77a2,https://fj.linkedin.com/jobs/view/acana-classic-red-at-granulica-pet-shop-4442528167,ACANA CLASSIC RED,,scraped,2026-07-19T11:42:19.314182,
5218df6d19de808b,https://fj.linkedin.com/jobs/view/senior-auditor-%E2%9C%88%EF%B8%8F-move-to-vanuatu-fjd-100k%2B-%2B-airfares-medical-insurance-work-permit-etc-at-susie-vokins-associates-sva-4438562910,"Senior Auditor | ✈️ Move to Vanuatu | FJD 100K+ | + Airfares, medical insurance, work permit etc",Susie Vokins Associates (SVA),posted,2026-07-19T11:42:33.498378,189
8ec1a790816b83a9,https://fj.linkedin.com/jobs/view/acana-regionals-grasslands-at-granulica-pet-shop-4442526282,ACANA Regionals Grasslands,,scraped,2026-07-19T11:42:36.157766,
4fdbeed3bd0e82a9,https://fj.linkedin.com/jobs/view/acana-classics-prairie-poultry-at-granulica-pet-shop-4442531137,ACANA CLASSICS Prairie Poultry,,scraped,2026-07-19T11:43:02.745852,
bd5f0089e55becb9,https://fj.linkedin.com/jobs/view/acana-dog-puppy-small-breed-at-granulica-pet-shop-4442528170,ACANA Dog Puppy Small Breed,,scraped,2026-07-19T15:34:35.994771,
739de7c07d282b19,https://fj.linkedin.com/jobs/view/cibau-chicken-puppy-medium-at-granulica-pet-shop-4442508942,CIBAU Chicken Puppy Medium,,scraped,2026-07-19T15:34:52.836802,
3b4c1165063e042f,https://fj.linkedin.com/jobs/view/acana-pacifica-11-4kg-at-granulica-pet-shop-4442511919,"Acana Pacifica 11,4kg",,scraped,2026-07-19T15:35:01.622907,
e63dcf9a3b9a787d,https://fj.linkedin.com/jobs/view/forklift-operator-at-the-wonderful-company-3277205320,Forklift Operator,The Wonderful Company,posted,2026-07-19T20:00:23.000249,191
5abe1c33328c1172,https://fj.linkedin.com/jobs/view/hr-business-partner-pacific-fmu-at-conservation-international-4424907563,"HR Business Partner, Pacific FMU",Conservation International,posted,2026-07-19T22:42:04.239312,187
6ac52a096916a094,https://fj.linkedin.com/jobs/view/international-affiliate-fiji-at-lyra-health-4439990642,International Affiliate - Fiji,Lyra Health,posted,2026-07-20T10:34:21.650745,193
dd8560425e98e47a,https://fj.linkedin.com/jobs/view/cibau-adult-chicken-medium-at-granulica-pet-shop-4442519620,CIBAU Adult Chicken Medium,,scraped,2026-07-20T10:34:28.277765,
a98dc27d0bc0bb3c,https://fj.linkedin.com/jobs/view/commis-2-pastry-at-marriott-international-4442579295,Commis 2 - Pastry,Marriott International,posted,2026-07-20T10:35:24.987182,195
80df7eda3c8b2499,https://fj.linkedin.com/jobs/view/stewarding-guest-service-assistant-at-marriott-international-4442706500,Stewarding Guest Service Assistant,Marriott International,posted,2026-07-20T17:09:40.193600,197
fafaa0972795d7c8,https://fj.linkedin.com/jobs/view/y3cer-project-officer-at-plan-international-nepal-4442065492,Y3CER Project Officer,,scraped,2026-07-20T21:55:23.764052,
377c94f9972d865e,https://fj.linkedin.com/jobs/view/barkin-fish-adult-15kg-at-granulica-pet-shop-4442516726,Barkin Fish Adult 15kg,Granulica pet shop,posted,2026-07-20T21:55:48.060185,199
e621c04cd6a4f9e6,https://fj.linkedin.com/jobs/view/acana-puppy-large-breed-17-kg-at-granulica-pet-shop-4442514803,Acana Puppy Large Breed 17 kg,,scraped,2026-07-20T21:55:50.715379,
e1948f5b68708d82,https://fj.linkedin.com/jobs/view/acana-regionals-ranchlands-at-granulica-pet-shop-4442531140,Acana Regionals Ranchlands,,scraped,2026-07-20T21:56:03.337453,
7d77d7f740f1696b,https://fj.linkedin.com/jobs/view/cibau-chicken-puppy-maxi-12kg-at-granulica-pet-shop-4442517696,CIBAU Chicken Puppy Maxi 12kg,,scraped,2026-07-20T21:56:12.731450,
774be4f71b779003,https://fj.linkedin.com/jobs/view/barkin-high-premium-fish-mini-adult-15kg-at-granulica-pet-shop-4442519619,Barkin High Premium Fish Mini Adult 15kg,,scraped,2026-07-20T21:56:21.632106,
8ebf0afc6f87b656,https://fj.linkedin.com/jobs/view/make-room-ready-at-sheraton-hotels-resorts-4443303858,Make Room Ready,Sheraton Hotels &amp; Resorts,posted,2026-07-21T07:43:06.215793,201
5cb18b65f44b14e1,https://fj.linkedin.com/jobs/view/digital-marketing-executive-at-digicel-fiji-4442551367,Digital Marketing Executive,,scraped,2026-07-21T07:43:22.823088,
9ca9ed073bb12bef,https://fj.linkedin.com/jobs/view/chief-social-policy-p-4-fixed-term-position-fiji-pacific-islands-mcp-pacific-office-suva-fiji-%2300064877-at-unicef-chad-4440180286,"Chief Social Policy, P-4, Fixed Term Position, Fiji (Pacific Islands) - MCP, Pacific Office, Suva, Fiji, #00064877",Unicef CHAD,posted,2026-07-21T07:43:41.401638,203
7583936d1c2b6d9b,https://fj.linkedin.com/jobs/view/barkin-govedina-adult-15kg-at-granulica-pet-shop-4442531141,Barkin Govedina Adult 15kg,,scraped,2026-07-21T07:43:56.003619,
22ce8615f269e717,https://fj.linkedin.com/jobs/view/commis-1-at-marriott-international-4442562983,Commis 1,Marriott International,posted,2026-07-21T07:44:28.989795,129
2b1d2aa8244205c1,https://fj.linkedin.com/jobs/view/videographer-at-jay-s-productions-fiji-4442235402,Videographer,Jay's Productions Fiji,posted,2026-07-21T13:04:55.133972,205
e078bfe9fee65629,https://fj.linkedin.com/jobs/view/vacancy-announcement-consultant-%E2%80%93-fiji-at-fairtrade-network-of-asia-pacific-producers-napp-4437260315,Vacancy Announcement:  Consultant – FIJI,,scraped,2026-07-21T13:04:59.745279,
5f9c57fe0b07273b,https://fj.linkedin.com/jobs/view/studium-elektrotechnik-automatisierungstechnik-ba-at-multi-k%C3%BChlsysteme-gmbh-4441789244,STUDIUM ELEKTROTECHNIK / AUTOMATISIERUNGSTECHNIK [BA],,scraped,2026-07-21T13:05:08.632680,
1ba8ffc536554749,https://fj.linkedin.com/jobs/view/engineering-executive-at-marriott-international-4443359809,Engineering Executive,Marriott International,posted,2026-07-21T13:05:44.182296,207
aec8f3ce335b58d4,https://fj.linkedin.com/jobs/view/event-attendant-hourly-paid-at-ubs-4425081706,Event Attendant (hourly paid),UBS,posted,2026-07-21T13:06:07.435700,209
595bd8fa4670fa85,https://fj.linkedin.com/jobs/view/senior-customs-clerk-at-comprehensive-logistics-4442249475,SENIOR CUSTOMS CLERK,Comprehensive Logistics,posted,2026-07-21T13:06:24.867062,211
b5d3704f8c343c1a,https://fj.linkedin.com/jobs/view/food-beverage-team-leader-at-marriott-international-4443362661,Food & Beverage Team Leader,Marriott International,posted,2026-07-21T13:06:52.247473,213
7b4d1ab3ed392732,https://fj.linkedin.com/jobs/view/account-officer-at-dulux-fiji-4439974095,Account Officer,,scraped,2026-07-21T18:52:34.521761,
9d8665fd365fc043,https://fj.linkedin.com/jobs/view/commis-i-at-sheraton-hotels-resorts-4443313507,Commis I,Sheraton Hotels &amp; Resorts,posted,2026-07-21T18:53:21.189941,215
aaf767835163bdef,https://fj.linkedin.com/jobs/view/commis-i-at-sheraton-hotels-resorts-4443304780,Commis I,Sheraton Hotels &amp; Resorts,scraped,2026-07-21T18:53:25.456039,
d1034704e1f2b6e3,https://fj.linkedin.com/jobs/view/addetti-e-alla-raccolta-frutta-solarolo-at-agenzia-regionale-per-il-lavoro-emilia-romagna-4442606913,ADDETTI/E ALLA RACCOLTA FRUTTA SOLAROLO,,scraped,2026-07-21T18:53:35.797894,
402b3c77f9555dd7,https://fj.linkedin.com/jobs/view/food-beverage-gsa-at-marriott-international-4443321049,Food & Beverage  GSA,Marriott International,posted,2026-07-21T23:22:02.969460,217
14037622d314a5f2,https://fj.linkedin.com/jobs/view/electronic-technician-4442604583,Electronic Technician,Pacific Cables,posted,2026-07-21T23:22:12.507554,219
9d69c99524c4f54f,https://fj.linkedin.com/jobs/view/supply-logistics-officer-no-2-ft-%23137797-suva-fiji-pacific-islands-mcp-at-unicef-bangladesh-4442668156,"Supply & Logistics Officer (NO-2), FT, #137797, Suva - Fiji (Pacific Islands), MCP",,scraped,2026-07-22T09:21:16.195298,
07223292db02ebc4,https://fj.linkedin.com/jobs/view/project-officer-clean-seas-at-pacific-community-spc-4443091794,Project Officer - Clean Seas,,scraped,2026-07-22T09:21:26.979489,
2bf555ee8965d87d,https://fj.linkedin.com/jobs/view/bachelor-of-science-in-aeronautical-engineering-at-mai-education-consult-4443576412,Bachelor of Science in Aeronautical Engineering,,scraped,2026-07-22T09:21:36.171139,
be471bc6f3991a25,https://fj.linkedin.com/jobs/view/financial-accountant-suva-at-merchant-finance-pte-limited-4441928069,Financial Accountant - Suva,,scraped,2026-07-22T09:22:18.554284,
5080ae44ec3d87e3,https://fj.linkedin.com/jobs/view/acana-dog-adult-large-breed-17-kg-at-granulica-pet-shop-4442526280,Acana Dog Adult Large Breed 17 kg,Granulica pet shop,posted,2026-07-22T09:22:41.389920,221
af2f86a3794be424,https://fj.linkedin.com/jobs/view/spa-masseur-at-marriott-international-4442566853,Spa Masseur,Marriott International,posted,2026-07-22T09:22:46.191191,105
fb32020326f2db2f,https://fj.linkedin.com/jobs/view/purchasing-manager-at-radisson-hotel-group-4442991661,Purchasing Manager,Radisson Hotel Group,posted,2026-07-22T09:23:01.855940,223
d241d14d4c27ad14,https://fj.linkedin.com/jobs/view/water-engineer-at-save-our-fiji-4440480189,Water Engineer,,scraped,2026-07-22T09:23:04.563039,
0a686c046de2b813,https://fj.linkedin.com/jobs/view/production-planner-at-fiji-water-4432328467,Production Planner,FIJI Water,posted,2026-07-22T15:56:07.794576,225
2bcef16113fb6e3d,https://fj.linkedin.com/jobs/view/supply-logistics-officer-no-2-ft-%23137797-suva-fiji-pacific-islands-mcp-at-unicef-chad-4441005152,"Supply & Logistics Officer (NO-2), FT, #137797, Suva - Fiji (Pacific Islands), MCP",Unicef CHAD,posted,2026-07-22T15:56:23.349219,227
27a39b97296f7ed7,https://fj.linkedin.com/jobs/view/sales-merchandiser-at-essity-4443131083,Sales Merchandiser,,scraped,2026-07-22T15:56:39.959962,
ed16fcd8fc25462a,https://fj.linkedin.com/jobs/view/barkin-%C4%87uretina-puppy-junior-15kg-at-granulica-pet-shop-4442514805,Barkin Ćuretina Puppy/Junior 15kg,Granulica pet shop,posted,2026-07-22T20:20:45.480093,229
c7a421abd9c8c4cf,https://fj.linkedin.com/jobs/view/director-of-quality-at-fiji-water-4434910558,Director of Quality,FIJI Water,posted,2026-07-22T20:20:59.050222,231
52d56fb32993f33b,https://fj.linkedin.com/jobs/view/digital-marketing-executive-at-digicel-pacific-business-4443172518,Digital Marketing Executive,,scraped,2026-07-22T20:21:05.668592,
8ce91042da2f149a,https://fj.linkedin.com/jobs/view/customer-care-agent-at-digicel-pacific-business-4443171537,Customer Care Agent,,scraped,2026-07-22T20:21:14.556952,
278ba60de9172e44,https://fj.linkedin.com/jobs/view/commis-iii-bakery-at-sheraton-hotels-resorts-4442975928,Commis III - Bakery,Sheraton Hotels &amp; Resorts,posted,2026-07-22T20:21:29.941913,233
5aa4844c335086f5,https://fj.linkedin.com/jobs/view/cook-gsa-at-marriott-international-4433214741,Cook GSA,Marriott International,posted,2026-07-22T20:21:47.615914,235
d4611b68a4f1d8ec,https://fj.linkedin.com/jobs/view/commis-2-at-marriott-international-4442585042,Commis 2,Marriott International,posted,2026-07-22T20:21:52.614659,103
58873933933d8d71,https://fj.linkedin.com/jobs/view/lending-officer-nadi-at-merchant-finance-pte-limited-4443505689,Lending Officer - Nadi,,scraped,2026-07-23T07:45:14.736645,
18aab3a2abaa5e20,https://fj.linkedin.com/jobs/view/pacific-small-islands-development-state-psids-coordinator-at-wwf-cities-4443355042,Pacific Small Islands Development State (PSIDS) Coordinator,WWF Cities,posted,2026-07-23T07:46:00.267027,139
90c61cee88c933ed,https://fj.linkedin.com/jobs/view/sales-executive-at-digicel-pacific-business-4443172517,Sales Executive,,scraped,2026-07-23T07:46:02.919791,
6b31edbae481899a,https://fj.linkedin.com/jobs/view/sales-executive-at-digicel-pacific-business-4443173456,Sales Executive,,scraped,2026-07-23T07:46:09.741788,
7be20ec622886bd0,https://fj.linkedin.com/jobs/view/purchasing-manager-at-radisson-hotel-group-4443812176,Purchasing Manager,Radisson Hotel Group,posted,2026-07-23T07:46:30.654245,223
304f5b65ccd5d8e3,https://fj.linkedin.com/jobs/view/cvm-analyst-at-digicel-pacific-business-4443166765,CVM Analyst,,scraped,2026-07-23T07:46:37.280079,
f61bb14cb0a4104b,https://fj.linkedin.com/jobs/view/commis-iii-at-sheraton-hotels-resorts-4443320138,Commis III,Sheraton Hotels &amp; Resorts,posted,2026-07-23T07:47:06.052090,143
699ad6227592dfec,https://fj.linkedin.com/jobs/view/commis-iii-pastry-at-sheraton-hotels-resorts-4442975927,Commis III - Pastry,Sheraton Hotels &amp; Resorts,posted,2026-07-23T07:47:16.250561,237
7d37cef381caf5eb,https://fj.linkedin.com/jobs/view/commis-ii-pastry-at-sheraton-hotels-resorts-4442995209,Commis II - Pastry,Sheraton Hotels &amp; Resorts,posted,2026-07-23T07:47:25.082912,239
1c1c5782d725bbab,https://fj.linkedin.com/jobs/view/multi-line-underwriter-at-qbe-insurance-4443834281,Multi-line Underwriter,QBE Insurance,posted,2026-07-23T13:17:00.032166,241
f6b81928bb6f7ca0,https://fj.linkedin.com/jobs/view/demi-chef-de-partie-at-sheraton-hotels-resorts-4443310657,Demi Chef de Partie,Sheraton Hotels &amp; Resorts,posted,2026-07-23T13:17:18.677169,243
93f1e681189ac70b,https://fj.linkedin.com/jobs/view/relationship-manager-suva-at-merchant-finance-pte-limited-4443393907,Relationship Manager - Suva,,scraped,2026-07-23T13:17:25.294016,
63e3115b19031f82,https://fj.linkedin.com/jobs/view/commis-chef-1-pastry-at-marriott-international-4442572661,Commis Chef 1 - Pastry,Marriott International,posted,2026-07-23T13:17:35.731117,123
95a3e3edbcf4198d,https://fj.linkedin.com/jobs/view/front-office-guest-service-attendant-porter-at-sheraton-hotels-resorts-4444429597,Front Office Guest Service Attendant - Porter,Sheraton Hotels &amp; Resorts,posted,2026-07-23T13:17:44.335773,245
0f541e32bb4574b2,https://fj.linkedin.com/jobs/view/risk-compliance-analyst-mfs-at-digicel-pacific-business-4443174428,Risk & Compliance Analyst - MFS,,scraped,2026-07-23T23:21:42.291688,
84ce58ad0c2db06e,https://fj.linkedin.com/jobs/view/digital-marketing-manager-at-digicel-pacific-business-4443161931,Digital Marketing Manager,,scraped,2026-07-23T23:21:48.957978,
d6b1731cf4d11d4a,https://fj.linkedin.com/jobs/view/risk-compliance-manager-at-digicel-pacific-business-4443167755,Risk & Compliance Manager,,scraped,2026-07-23T23:21:59.081397,
64b9f55d77c45585,https://fj.linkedin.com/jobs/view/steward-guest-service-attendant-at-sheraton-hotels-resorts-4433221676,Steward Guest Service Attendant,Sheraton Hotels &amp; Resorts,failed|wp_post_failed,2026-07-23T23:22:11.122598,
f7fe7f5942ca66e8,https://fj.linkedin.com/jobs/view/resident-engineer-road-at-sheladia-associates-inc-4444719024,Resident Engineer (Road),"Sheladia Associates, Inc.",failed|wp_post_failed,2026-07-23T23:22:21.483304,
6e399f1a7f017a03,https://fj.linkedin.com/jobs/view/environmental-social-specialist-at-sheladia-associates-inc-4444718059,Environmental & Social Specialist,"Sheladia Associates, Inc.",failed|wp_post_failed,2026-07-23T23:22:43.695876,
ff5fca44aa7d6d93,https://fj.linkedin.com/jobs/view/secretary-%E2%80%93-post-no-156714-%E2%80%93-administration-section-at-eubam-libya-4444057788,Secretary – Post No. 156714 – Administration Section,,scraped,2026-07-24T09:12:09.016885,
8381681c2d785957,https://fj.linkedin.com/jobs/view/secretary-at-eubam-libya-4444044998,SECRETARY,,scraped,2026-07-24T09:12:17.035856,
3a188f39c983fb75,https://fj.linkedin.com/jobs/view/team-leader-contract-engineer-at-sheladia-associates-inc-4444497962,Team Leader / Contract Engineer,"Sheladia Associates, Inc.",failed|wp_post_failed,2026-07-24T09:12:34.543749,
39756913a3ca22fa,https://fj.linkedin.com/jobs/view/pacific-regional-energy-auditor-at-pacific-community-spc-4444083495,Pacific Regional Energy Auditor,,scraped,2026-07-24T09:12:43.193996,
07998212d39eee04,https://fj.linkedin.com/jobs/view/bar-gsa-at-marriott-international-4434948383,Bar GSA,Marriott International,failed|wp_post_failed,2026-07-24T09:13:06.821455,
7349a4f3e1f264b6,https://fj.linkedin.com/jobs/view/recreation-assistant-at-marriott-international-4442579299,Recreation Assistant,Marriott International,failed|wp_post_failed,2026-07-24T09:13:15.517557,
950f4a19484f38ad,https://fj.linkedin.com/jobs/view/application-support-engineer-at-digicel-central-resources-fiji-pte-limited-4444790018,Application Support Engineer,Digicel Central Resources (Fiji) Pte Limited,failed|wp_post_failed,2026-07-24T09:13:30.396677,
a9d48aec665e5602,https://fj.linkedin.com/jobs/view/diploma-in-accounting-and-taxation-at-mai-education-consult-4444936493,Diploma in Accounting and Taxation,,scraped,2026-07-24T20:47:28.556610,
1f33b3571dd5d27f,https://fj.linkedin.com/jobs/view/executive-support-unit-senior-administrator-fiji-program-support-platform-at-abt-global-australia-4441590464,Executive Support Unit Senior Administrator - Fiji Program Support Platform,,scraped,2026-07-24T20:47:57.261364,
13bae7e367879dff,https://fj.linkedin.com/jobs/view/%C5%BEeldini%C5%B3-veiklos-vystymo-vadovas-%C4%97-at-keli%C5%B3-prie%C5%BEi%C5%ABra-4442689089,ŽELDINIŲ VEIKLOS VYSTYMO VADOVAS (-Ė),,scraped,2026-07-25T06:37:16.463442,
cd1f7a91e3a8ecbe,https://fj.linkedin.com/jobs/view/senior-program-manager-infrastructure-systems-strengthening-lead-fiji-social-infrastructure-program-at-abt-global-australia-4444080544,Senior Program Manager : Infrastructure Systems Strengthening Lead - Fiji Social Infrastructure Program,,scraped,2026-07-25T11:50:47.742367,
c599dd98df786e4c,https://fj.linkedin.com/jobs/view/payment-system-engineer-at-digicel-central-resources-fiji-pte-limited-4444761968,Payment System Engineer,Digicel Central Resources (Fiji) Pte Limited,posted,2026-07-25T11:51:02.679584,247
056637431ab37872,https://fj.linkedin.com/jobs/view/business-solutions-admin-support-at-digicel-pacific-business-4444918072,Business Solutions Admin Support,,scraped,2026-07-25T20:17:07.249819,
2e07509bc51b0eb7,https://fj.linkedin.com/jobs/view/inventory-intern-at-digicel-pacific-business-4443166766,Inventory Intern,,scraped,2026-07-25T20:17:23.661240,
c145509ff499450e,https://fj.linkedin.com/jobs/view/procurement-and-grants-officer-at-australia-pacific-partnerships-platform-4444904611,Procurement and Grants Officer,,scraped,2026-07-25T20:17:29.689860,
efa0f0f971978f0e,https://fj.linkedin.com/jobs/view/mlro-financial-crime-lead-at-anz-4444945067,MLRO & Financial Crime Lead,,scraped,2026-07-25T20:17:46.046602,
41de8a03e81bc082,https://fj.linkedin.com/jobs/view/loss-prevention-supervisor-at-sheraton-hotels-resorts-4444430513,Loss Prevention Supervisor,Sheraton Hotels &amp; Resorts,posted,2026-07-25T20:18:03.012877,249
cf4b6885263f116f,https://fj.linkedin.com/jobs/view/domek-wakacyjny-bloom-at-sowi-domek-4444697164,DOMEK WAKACYJNY BLOOM,Sowi Domek,posted,2026-07-26T07:51:06.878105,251
7115b417cfa81de3,https://fj.linkedin.com/jobs/view/call-center-representative-agents-at-tkw-research-group-4442966073,Call Center Representative Agents,TKW Research Group,posted,2026-07-26T15:50:38.037978,253
67ed026c2313c27c,https://fj.linkedin.com/jobs/view/studium-versorgungs-umwelttechnik-ba-at-multi-k%C3%BChlsysteme-gmbh-4442083729,STUDIUM VERSORGUNGS- & UMWELTTECHNIK [BA],,scraped,2026-07-26T15:50:48.532712,
fb4ef90256907e9f,https://fj.linkedin.com/jobs/view/head-of-marketing-at-superstore-fiji-4444865343,Head of Marketing,Superstore Fiji,posted,2026-07-27T11:03:07.861503,255
cb7973109634194a,https://fj.linkedin.com/jobs/view/cook-gsa-at-marriott-international-4445685066,COOK GSA,Marriott International,posted,2026-07-27T11:03:48.881179,235
4bd874d5964b0136,https://fj.linkedin.com/jobs/view/cost-controller-at-radisson-hotel-group-4445686173,Cost Controller,Radisson Hotel Group,posted,2026-07-27T11:04:18.334542,257
fd07383323c1e45c,https://fj.linkedin.com/jobs/view/customer-experience-coordinator-at-neptune-pacific-direct-line-4445679183,Customer Experience Coordinator,,scraped,2026-07-27T11:04:23.033287,
07cf55a039d5dcd2,https://fj.linkedin.com/jobs/view/international-consultant-%E2%80%93-ncd-surveillance-steps-and-p-cosi-at-world-health-organization-4445919949,International Consultant – NCD Surveillance (STEPS and P-COSI),,scraped,2026-07-27T18:02:27.472299,
05488d24088cd778,https://fj.linkedin.com/jobs/view/steward-guest-service-attendant-at-westin-hotels-resorts-4445938273,Steward Guest Service Attendant,Westin Hotels &amp; Resorts,posted,2026-07-27T18:03:10.091983,259
7fd699281c5b13ef,https://fj.linkedin.com/jobs/view/mechanic-at-westin-hotels-resorts-4445933319,Mechanic,Westin Hotels &amp; Resorts,posted,2026-07-27T18:03:23.044720,261
c738176969dd69e2,https://fj.linkedin.com/jobs/view/multiple-professional-jobs-at-astute-group-au-4445127446,Multiple Professional Jobs,,scraped,2026-07-27T18:03:25.590720,
1e7511dbcc0cbd1a,https://fj.linkedin.com/jobs/view/hotel-manager-at-radisson-hotel-group-4445669824,Hotel Manager,Radisson Hotel Group,posted,2026-07-28T07:53:36.395465,57
6888d7de926e7ad8,https://fj.linkedin.com/jobs/view/hr-administrator-at-essity-4445440855,HR Administrator,,scraped,2026-07-28T07:53:56.984356,
1c48b872b23cdd26,https://fj.linkedin.com/jobs/view/stores-guest-service-agent-at-sheraton-hotels-resorts-4445466655,Stores Guest Service Agent,Sheraton Hotels &amp; Resorts,posted,2026-07-28T07:54:19.515167,263
fbda7bfe0d92624f,https://fj.linkedin.com/jobs/view/technology-technician-at-fiji-television-limited-4445182826,Technology Technician,Fiji Television Limited,posted,2026-07-28T07:54:59.888157,265
0f48fd58bd5cc025,https://fj.linkedin.com/jobs/view/office-executive-at-port-denarau-marina-4444857263,Office Executive,Port Denarau Marina,posted,2026-07-28T20:38:14.858809,267
d763b88dea03a942,https://fj.linkedin.com/jobs/view/associate-customer-experience-trainer-at-vinod-patel-group-4444867757,Associate - Customer Experience Trainer,,scraped,2026-07-28T20:38:17.679166,
d2de76d01e8657f2,https://fj.linkedin.com/jobs/view/golf-maintenance-manager-at-westin-hotels-resorts-4445925436,Golf Maintenance Manager,Westin Hotels &amp; Resorts,posted,2026-07-28T20:38:56.419207,269
2e8163514314f853,https://fj.linkedin.com/jobs/view/beauty-therapist-at-sheraton-hotels-resorts-4446361117,Beauty Therapist,Sheraton Hotels &amp; Resorts,posted,2026-07-28T20:39:06.971002,271
9606f57b84682e4b,https://fj.linkedin.com/jobs/view/chef-de-partie-at-sheraton-hotels-resorts-4446357204,Chef de Partie,Sheraton Hotels &amp; Resorts,posted,2026-07-28T20:39:15.686519,273
7886d055d78553d6,https://fj.linkedin.com/jobs/view/chef-de-partie-bakery-at-sheraton-hotels-resorts-4442997118,Chef de Partie - Bakery,Sheraton Hotels &amp; Resorts,posted,2026-07-28T20:39:25.074434,275
ec5e28038a8dff29,https://fj.linkedin.com/jobs/view/information-security-analyst-at-reserve-bank-of-fiji-4446025220,Information Security Analyst,,scraped,2026-07-29T16:00:32.715293,
ca18f5cfcdf23916,https://fj.linkedin.com/jobs/view/group-general-manager-operations-customer-services-at-south-sea-cruises-group-4446541289,Group General Manager - Operations & Customer Services,,scraped,2026-07-29T16:00:42.015604,
8e87ec0f1f7b6dbb,https://fj.linkedin.com/jobs/view/finance-and-administration-officer-at-tetra-tech-4443255163,Finance and Administration Officer,Tetra Tech,posted,2026-07-29T16:01:14.298985,277
fe5ee738013d94a4,https://fj.linkedin.com/jobs/view/ict-enterprise-product-lead-at-lightspeed-pacific-4446182544,ICT Enterprise & Product Lead,Lightspeed Pacific,posted,2026-07-29T16:02:09.283565,279
82e15093b0544ffa,https://fj.linkedin.com/jobs/view/commis-ii-at-sheraton-hotels-resorts-4445462672,Commis II,Sheraton Hotels &amp; Resorts,posted,2026-07-29T16:02:22.440853,281
3e9b124eb2b2e6e2,https://fj.linkedin.com/jobs/view/reconciliations-officer-at-apex-group-ltd-4444542676,Reconciliations Officer,,scraped,2026-07-30T13:23:21.663244,
0dc724a4478180d0,https://fj.linkedin.com/jobs/view/finance-officer-at-rcl-services-4445464106,Finance Officer,,scraped,2026-07-30T19:00:25.154746,
2fd774e53a2ef3dd,https://fj.linkedin.com/jobs/view/tax-accounting-and-reporting-acr-graduate-nadi-office-at-ey-4445793678,Tax Accounting and Reporting ACR - Graduate - Nadi Office,EY,posted,2026-07-30T19:00:52.210535,283
cee42083f6af3a9d,https://fj.linkedin.com/jobs/view/sales-manager-leisure-at-shangri-la-yanuca-island-fiji-4444171607,Sales Manager - Leisure,,scraped,2026-07-30T19:00:58.768226,
210f54c684fb5b72,https://fj.linkedin.com/jobs/view/hotel-manager-at-radisson-hotel-group-4446893095,Hotel Manager,Radisson Hotel Group,posted,2026-07-30T23:37:36.318429,57
c611e62cba353964,https://fj.linkedin.com/jobs/view/regional-director-pacific-at-birdlife-international-4444155716,"Regional Director, Pacific",,scraped,2026-07-30T23:37:44.856520,
6efc11b552e27aa8,https://fj.linkedin.com/jobs/view/aml-cft-compliance-officer-at-fexco-pacific-ltd-4447259637,AML/CFT Compliance Officer,Fexco Pacific Ltd,posted,2026-07-31T10:05:26.585327,285
ac0db34a6780e72a,https://fj.linkedin.com/jobs/view/regional-operations-manager-at-the-fred-hollows-foundation-4444574600,Regional Operations Manager,,scraped,2026-07-31T10:05:41.210890,
8dae9f86036c1950,https://fj.linkedin.com/jobs/view/deputy-director-oceans-and-maritime-at-pacific-community-spc-4445491931,Deputy Director - Oceans and Maritime,,scraped,2026-07-31T17:13:00.284268,
6a0ea6453f298b25,https://fj.linkedin.com/jobs/view/front-office-manager-at-westin-hotels-resorts-4447511097,Front Office Manager,Westin Hotels &amp; Resorts,posted,2026-07-31T17:13:16.517526,287
601958539b4f30bf,https://fj.linkedin.com/jobs/view/temporary-sales-executive-nadi-lautoka-at-digicel-pacific-business-4446969720,Temporary Sales Executive : Nadi & Lautoka,,scraped,2026-07-31T17:13:19.088285,
6bb09281710ad571,https://fj.linkedin.com/jobs/view/food-beverage-attendant-at-marriott-international-4447299971,Food & Beverage Attendant,Marriott International,posted,2026-07-31T17:13:32.435498,289
bc04a30da1fceb91,https://fj.linkedin.com/jobs/view/assistant-chief-engineer-at-westin-hotels-resorts-4447506882,Assistant Chief Engineer,Westin Hotels &amp; Resorts,posted,2026-07-31T17:13:41.219592,291
c71e2c3ed8102a98,https://fj.linkedin.com/jobs/view/cluster-marketing-manager-at-ihg-hotels-resorts-4445501263,Cluster Marketing Manager,,scraped,2026-07-31T17:13:45.643660,
fb97b23b2062e2dc,https://fj.linkedin.com/jobs/view/executive-chef-at-westin-hotels-resorts-4447297993,Executive Chef,Westin Hotels &amp; Resorts,posted,2026-07-31T17:14:05.095878,293
dbf866b17a11b5f5,https://fj.linkedin.com/jobs/view/executive-sous-chef-at-westin-hotels-resorts-4447504850,Executive Sous Chef,Westin Hotels &amp; Resorts,posted,2026-07-31T17:14:20.358894,295
2eb7fd3ca1fb745e,https://fj.linkedin.com/jobs/view/sous-chef-at-westin-hotels-resorts-4447292994,Sous Chef,Westin Hotels &amp; Resorts,posted,2026-07-31T17:14:29.637967,297
66b192f5cb005b8b,https://fj.linkedin.com/jobs/view/sous-chef-japanese-cuisine-%E2%80%8B-at-westin-hotels-resorts-4447503902,Sous Chef (Japanese Cuisine),Westin Hotels &amp; Resorts,posted,2026-07-31T17:14:38.525153,299
638fa73111a7dbd0,https://fj.linkedin.com/jobs/view/director-of-rooms-at-westin-hotels-resorts-4447507816,Director of Rooms,Westin Hotels &amp; Resorts,posted,2026-07-31T21:47:52.805643,301
f6837d266c836beb,https://fj.linkedin.com/jobs/view/front-office-guest-service-assistant-at-sheraton-hotels-resorts-4447508832,Front Office Guest Service Assistant,Sheraton Hotels &amp; Resorts,posted,2026-07-31T21:48:01.938658,303
ba9e1e059e5eb41e,https://fj.linkedin.com/jobs/view/un-women-monitoring-and-reporting-specialist-ending-violence-against-women-girls-evawg-suva-fiji-nppsa-10-national-partner-personnel-service-agreement-open-to-fiji-nationals-only-at-un-women-4447249319,"UN Women: Monitoring and Reporting Specialist, Ending Violence Against Women & Girls / EVAWG, Suva, FIJI, NPPSA-10, National Partner Personnel Service Agreement (Open to Fiji Nationals ONLY)",UN Women,posted,2026-08-01T07:36:44.746861,305
8e278cdbd4120a3a,https://fj.linkedin.com/jobs/view/executive-housekeeper-at-westin-hotels-resorts-4447503901,Executive Housekeeper,Westin Hotels &amp; Resorts,posted,2026-08-01T07:36:56.110616,307
6e39e0b172c3f215,https://fj.linkedin.com/jobs/view/national-agriculture-specialist-at-fao-4444599855,National Agriculture Specialist,,scraped,2026-08-01T15:43:21.097967,
fe105350e701855d,https://fj.linkedin.com/jobs/view/rfp-esg-impact-associate-consultancy-engagement-at-matanataki-pte-ltd-4447488390,RfP: ESG & Impact Associate (Consultancy Engagement),Matanataki Pte Ltd,posted,2026-08-02T20:16:00.649408,309
58487bde5e5310c8,https://fj.linkedin.com/jobs/view/front-office-guest-service-attendant-welcome-warrior-at-sheraton-hotels-resorts-4448149029,Front Office Guest Service Attendant (Welcome Warrior),Sheraton Hotels &amp; Resorts,posted,2026-08-03T06:58:47.427682,311
78055167e155c64c,https://fj.linkedin.com/jobs/view/payroll-team-leader-at-sheraton-hotels-resorts-4448138778,Payroll Team Leader,Sheraton Hotels &amp; Resorts,posted,2026-08-03T06:59:05.199362,313
fb24dfbe4b787e9f,https://fj.linkedin.com/jobs/view/farm-guest-service-assistant-at-westin-hotels-resorts-4448133929,Farm Guest Service Assistant,Westin Hotels &amp; Resorts,posted,2026-08-03T11:21:24.044450,315
27cf8a3c8c700deb,https://fj.linkedin.com/jobs/view/registry-officer-at-apex-group-ltd-4446202022,Registry Officer,,scraped,2026-08-03T14:35:42.122810,
719993f0de67b3c1,https://fj.linkedin.com/jobs/view/great-sea-reef-project-officer%E2%80%99-ipe-45-fixed-term-local-fji-%E2%80%93-conservation-at-wwf-cities-4446056182,Great Sea Reef Project Officer’ (IPE 45 - Fixed Term -Local - FJI – Conservation),WWF Cities,posted,2026-08-03T14:36:10.859890,317
46c8c5f73d6c51c9,https://fj.linkedin.com/jobs/view/senior-chef-de-cuisine-i619-at-sheraton-hotels-resorts-4448178510,Senior Chef de Cuisine - I619,Sheraton Hotels &amp; Resorts,posted,2026-08-03T14:36:47.935242,319
0a5b7b3f44ebcfc4,https://fj.linkedin.com/jobs/view/assistant-executive-housekeeper-at-westin-hotels-resorts-4447295946,Assistant Executive Housekeeper,Westin Hotels &amp; Resorts,posted,2026-08-03T17:50:17.605931,321
dea2d4cc395b5ce2,https://fj.linkedin.com/jobs/view/regional-skills-strengthening-and-industry-engagement-lead-at-dt-global-4447913115,Regional Skills Strengthening and Industry Engagement Lead,DT Global,posted,2026-08-03T17:50:26.311594,323
4bd3b3432536eac1,https://fj.linkedin.com/jobs/view/communications-officer-digital-multimedia-at-united-nations-volunteers-asia-the-pacific-4447677869,Communications Officer (Digital & Multimedia),United Nations Volunteers - Asia & the Pacific,posted,2026-08-03T17:50:36.740016,325
3ae0f85fce168737,https://fj.linkedin.com/jobs/view/people-culture-safeguarding-director-at-dt-global-4447906283,"People, Culture & Safeguarding Director",DT Global,posted,2026-08-03T17:50:51.819843,327
173b60de160ee838,https://fj.linkedin.com/jobs/view/complex-director-of-resort-experience-at-sheraton-hotels-resorts-4448384725,Complex Director of Resort Experience,Sheraton Hotels &amp; Resorts,posted,2026-08-03T19:28:56.991891,329
09af580a9b87f97a,https://fj.linkedin.com/jobs/view/purchasing-officer-local-buying-at-r-c-manubhai-co-pte-ltd-4448234885,Purchasing Officer -Local Buying,,scraped,2026-08-04T02:24:10.437758,
6da92af766600d65,https://fj.linkedin.com/jobs/view/income-auditor-at-radisson-hotel-group-4448826297,Income Auditor,Radisson Hotel Group,posted,2026-08-04T06:26:59.045819,331
89b9329a88187f89,https://fj.linkedin.com/jobs/view/finance-assistant-at-carra-4446605618,Finance Assistant,,scraped,2026-08-04T10:37:35.903312,
d7843cd5ae8be17c,https://fj.linkedin.com/jobs/view/income-auditor-at-carra-4446604704,Income Auditor,,scraped,2026-08-04T10:37:44.473431,
5a0ac01fd81fde89,https://fj.linkedin.com/jobs/view/junior-sous-chef-at-sheraton-hotels-resorts-4448187280,Junior Sous Chef,Sheraton Hotels &amp; Resorts,posted,2026-08-04T10:38:22.652882,333
b5fdf58c0e3cf21b,https://fj.linkedin.com/jobs/view/carpenter-at-westin-hotels-resorts-4448868298,Carpenter,Westin Hotels &amp; Resorts,posted,2026-08-04T14:07:32.800065,335
d1fa570981a31198,https://fj.linkedin.com/jobs/view/painter-at-westin-hotels-resorts-4448863425,Painter,Westin Hotels &amp; Resorts,posted,2026-08-04T14:07:44.866492,337
2b3f1dcedc978d2e,https://fj.linkedin.com/jobs/view/civil-engineer-project-manager-at-kramer-asia-pacific-4446273508,Civil Engineer / Project Manager,Kramer Asia Pacific,posted,2026-08-04T14:08:09.102134,339
badab4f8c63c22f5,https://fj.linkedin.com/jobs/view/human-resources-manager-at-westin-hotels-resorts-4447502950,Human Resources Manager,Westin Hotels &amp; Resorts,posted,2026-08-04T14:08:20.860679,341
3863d1dc3ebae1e0,https://fj.linkedin.com/jobs/view/junior-sous-chef-bakery-at-sheraton-hotels-resorts-4448187280,Junior Sous Chef - Bakery,Sheraton Hotels &amp; Resorts,posted,2026-08-04T14:08:42.954134,343
1d95afc1c5d01d14,https://fj.linkedin.com/jobs/view/restaurant-manager-specialty-restaurant-nikkei-cuisine-at-westin-hotels-resorts-4448866391,Restaurant Manager - Specialty Restaurant (Nikkei Cuisine),Westin Hotels &amp; Resorts,posted,2026-08-04T14:08:54.692359,345
e8eecc92445ad7b2,https://fj.linkedin.com/jobs/view/senior-manager-operational-risk-compliance-at-anz-4448838712,Senior Manager Operational Risk & Compliance,,scraped,2026-08-04T14:08:59.567822,
2633f81ec73eee5b,https://fj.linkedin.com/jobs/view/customer-service-officer-sigatoka-at-merchant-finance-pte-limited-4448882911,Customer Service Officer -  Sigatoka,,scraped,2026-08-04T17:48:43.599959,
6ae4f8f3d486c2fa,https://fj.linkedin.com/jobs/view/pool-technician-at-westin-hotels-resorts-4449016762,Pool Technician,Westin Hotels &amp; Resorts,posted,2026-08-04T19:30:17.262558,347
81cdff918fecc2ad,https://fj.linkedin.com/jobs/view/customer-service-consultant-suva-at-merchant-finance-pte-limited-4448898520,Customer Service Consultant - Suva,,scraped,2026-08-04T19:30:48.031299,
90cdac4b8c7749f4,https://fj.linkedin.com/jobs/view/assistant-food-and-beverage-manager-at-westin-hotels-resorts-4447508841,Assistant Food and Beverage Manager,Westin Hotels &amp; Resorts,posted,2026-08-04T21:12:14.563029,349
87b81ca3ab920854,https://fj.linkedin.com/jobs/view/compliance-regulatory-affairs-manager-%E2%80%93-fiji-pacific-at-tower-insurance-4446023362,Compliance & Regulatory Affairs Manager – Fiji & Pacific,,scraped,2026-08-04T21:12:17.109430,
67e1af5adba189c4,https://fj.linkedin.com/jobs/view/manager-internal-audit-suva-at-merchant-finance-pte-limited-4448886713,Manager Internal Audit - Suva,,scraped,2026-08-04T21:12:25.943395,
26a04b6054722100,https://fj.linkedin.com/jobs/view/recreation-manager-at-marriott-international-4449013815,Recreation Manager,Marriott International,posted,2026-08-04T21:12:42.454732,43
ec312d761315eaf7,https://fj.linkedin.com/jobs/view/ob-research-assistant-opportunity-at-the-centre-for-healthcare-at-international-relations-and-languages-4448554840,OB Research Assistant opportunity at the Centre for Healthcare,International Relations and Languages,posted,2026-08-04T23:02:48.938107,351
64f671f4a2a1524e,https://fj.linkedin.com/jobs/view/human-resources-executive-at-marriott-international-4449030009,Human Resources Executive,Marriott International,posted,2026-08-05T02:24:18.601328,47
a72278d169d0eb4b,https://fj.linkedin.com/jobs/view/finance-assistant-at-radisson-hotel-group-4448828207,Finance Assistant,Radisson Hotel Group,posted,2026-08-05T02:24:32.052710,353
c94402a720085e02,https://fj.linkedin.com/jobs/view/recruitment-consultant-at-rcl-services-4448594484,Recruitment Consultant,,scraped,2026-08-05T06:27:05.510327,
74700db1f79415ad,https://fj.linkedin.com/jobs/view/bar-gsa-at-marriott-international-4448676050,Bar GSA,Marriott International,posted,2026-08-05T06:27:35.050921,355
7fe323cd372862a9,https://fj.linkedin.com/jobs/view/nadi-astrologer-at-alokik-astro-4449054911,Nadi Astrologer,,scraped,2026-08-05T06:27:49.596578,
042058438446e213,https://fj.linkedin.com/jobs/view/chief-financial-officer-at-easy-skill-4448933755,Chief Financial Officer,,scraped,2026-08-05T10:33:39.856516,
8690e062e5b6804b,https://fj.linkedin.com/jobs/view/mechanic-gas-technician-at-westin-hotels-resorts-4448953903,Mechanic (Gas Technician),Westin Hotels &amp; Resorts,posted,2026-08-05T10:34:08.133363,357
427c251edb93d382,https://fj.linkedin.com/jobs/view/administrative-assistant-at-withinhere-4448999972,Administrative Assistant,Withinhere,posted,2026-08-05T14:06:04.990930,359
20c621c4b7918bee,https://fj.linkedin.com/jobs/view/food-beverage-assistant-at-marriott-international-4447299971,Food & Beverage Assistant,Marriott International,posted,2026-08-05T14:07:12.017668,361
4bcede42c26e6f6e,https://fj.linkedin.com/jobs/view/finance-and-administration-officer-at-tetra-tech-4448977209,Finance and Administration Officer,Tetra Tech,posted,2026-08-05T17:28:35.811241,277
374111d010aeda24,https://fj.linkedin.com/jobs/view/mission-systems-chief-engineer-at-air-force-research-laboratory-4449151241,Mission Systems Chief Engineer,Air Force Research Laboratory,posted,2026-08-05T17:28:49.183340,363
4f6a92d57793480f,https://fj.linkedin.com/jobs/view/ict-sales-executive-at-digicel-pacific-business-4447359405,ICT Sales Executive,,scraped,2026-08-05T17:28:59.743350,
94b4cbae2ba0d78a,https://fj.linkedin.com/jobs/view/engineering-coordinator-at-westin-hotels-resorts-4449496440,Engineering Coordinator,Westin Hotels &amp; Resorts,posted,2026-08-05T17:29:13.062536,365
dbe4ad76a0c3400b,https://fj.linkedin.com/jobs/view/air-condition-refrigeration-technician-at-westin-hotels-resorts-4449489820,Air Condition & Refrigeration Technician,Westin Hotels &amp; Resorts,posted,2026-08-05T17:29:21.903469,367
ee8856c41fb1d518,https://fj.linkedin.com/jobs/view/compliance-and-audit-analyst-at-sheraton-hotels-resorts-4449484932,Compliance and Audit Analyst,Sheraton Hotels &amp; Resorts,posted,2026-08-05T17:29:34.873899,369
f55325de5997e27b,https://fj.linkedin.com/jobs/view/licensed-electrical-technician-at-westin-hotels-resorts-4449487805,Licensed Electrical Technician,Westin Hotels &amp; Resorts,posted,2026-08-05T17:29:49.613983,371
00d52f22a78a8d83,https://fj.linkedin.com/jobs/view/quality-engineer-at-bizlink-group-4448562164,Quality Engineer,BizLink Group,posted,2026-08-05T19:28:01.882770,373
75d5e7c6c005464f,https://fj.linkedin.com/jobs/view/monitoring-evaluation-and-learning-coordinator-at-alinea-international-4449194685,"Monitoring, Evaluation and Learning Coordinator",,scraped,2026-08-05T21:06:17.551063,
6aabb7ec8d560d0c,https://fj.linkedin.com/jobs/view/assistant-manager-engineering-facilities-at-westin-hotels-resorts-4449484933,Assistant Manager Engineering - Facilities,Westin Hotels &amp; Resorts,posted,2026-08-05T21:06:52.682116,375
187676d9b4b14c40,https://fj.linkedin.com/jobs/view/analyst-reseach-analysis-at-anz-4448850486,"Analyst, Reseach & Analysis",,scraped,2026-08-05T22:57:21.024153,
1d498bdd32cf26e5,https://fj.linkedin.com/jobs/view/engineering-superintendent-at-confidential-4448563168,Engineering Superintendent,Confidential,posted,2026-08-06T02:27:08.977704,377
3a8e20b579cb9d00,https://fj.linkedin.com/jobs/view/plumber-at-westin-hotels-resorts-4448861462,Plumber,Westin Hotels &amp; Resorts,posted,2026-08-06T02:27:35.703644,379
70c83a9f13136a79,https://fj.linkedin.com/jobs/view/anti-money-laundering-analyst-at-digicel-central-resources-fiji-pte-limited-4449981822,Anti-Money Laundering Analyst,Digicel Central Resources (Fiji) Pte Limited,posted,2026-08-06T06:30:02.195647,381
00adff5261819fff,https://fj.linkedin.com/jobs/view/accountant-at-vou-dance-fiji-4449361340,Accountant,,scraped,2026-08-06T06:30:04.737089,
fe0124c5a096c26f,https://fj.linkedin.com/jobs/view/anti-money-laundering-analyst-at-digicel-pacific-business-4449966991,Anti-Money Laundering Analyst,,scraped,2026-08-06T06:30:11.492879,
73093a62ead3d2de,https://fj.linkedin.com/jobs/view/finance-and-administration-assistant-fiji-at-global-green-growth-institute-4449973750,"FINANCE AND ADMINISTRATION ASSISTANT, FIJI",,scraped,2026-08-06T06:30:17.933130,
d09bdaa8b0b2dbcf,https://fj.linkedin.com/jobs/view/field-operations-manager-at-withinhere-4449307898,Field Operations Manager,Withinhere,posted,2026-08-06T06:30:35.571284,383
01509e0fdb5bacc3,https://fj.linkedin.com/jobs/view/contract-centre-agent-billing-provisioning-at-rcl-services-4448977229,Contract Centre Agent - Billing & Provisioning,,scraped,2026-08-06T06:30:40.151589,
062977c639273a78,https://fj.linkedin.com/jobs/view/head-of-mobile-financial-services-at-digicel-pacific-business-4449977890,Head of Mobile Financial Services,,scraped,2026-08-06T06:31:18.647285,
828b72b3d14a74cc,https://fj.linkedin.com/jobs/view/programmes-impact-coordinator-at-fiji-water-4450209346,Programmes & Impact Coordinator,FIJI Water,posted,2026-08-06T10:37:23.587835,385
cd32d0d6537f8044,https://fj.linkedin.com/jobs/view/executive-officer-at-dt-global-4449965426,Executive Officer,DT Global,posted,2026-08-06T10:37:52.650609,387
865aa6b89afece5e,https://fj.linkedin.com/jobs/view/analyst-control-testing-at-anz-4450237049,Analyst Control Testing,,scraped,2026-08-06T10:38:07.288515,
26d36c7c6f2e422d,https://fj.linkedin.com/jobs/view/senior-talent-culture-business-partner-at-anz-4450222504,Senior Talent & Culture Business Partner,,scraped,2026-08-06T10:38:21.815397,
92177f25ea0115b0,https://fj.linkedin.com/jobs/view/social-media-content-creator-at-escape-rooms-fiji-4449730723,Social Media Content Creator,Escape Rooms Fiji,posted,2026-08-06T14:05:21.096345,389
c6571b61f884d0fb,https://fj.linkedin.com/jobs/view/food-beverage-supervisor-at-marriott-international-4450210191,Food & Beverage Supervisor,Marriott International,posted,2026-08-06T14:05:45.910749,55
c710096e22972ccd,https://fj.linkedin.com/jobs/view/operations-admin-assistant-at-tourism-fiji-4448457675,Operations & Admin Assistant,,scraped,2026-08-06T23:03:08.825183,
a2451a78ca46b1e9,https://fj.linkedin.com/jobs/view/temporary-sales-executive-at-digicel-pacific-business-4447358678,Temporary Sales Executive,,scraped,2026-08-06T23:04:00.356218,
fcf4727e258fa446,https://fj.linkedin.com/jobs/view/plumber-at-marriott-international-4450250152,Plumber,Marriott International,posted,2026-08-06T23:04:16.180336,379
a08f936e3a10445b,https://fj.linkedin.com/jobs/view/golf-maintenance-manager-the-westin-fiji-golf-resort-amp-%23038-spa-at-boardroom-magazine-4450220325,"Golf Maintenance Manager, The Westin Fiji Golf Resort &amp;#038; Spa",BoardRoom magazine,posted,2026-08-07T02:45:13.943767,391
1ce480a3c698b020,https://fj.linkedin.com/jobs/view/licensed-electrical-technician-at-sheraton-hotels-resorts-4450328327,Licensed Electrical Technician,Sheraton Hotels &amp; Resorts,posted,2026-08-07T13:00:47.897661,371
805facf181df76dc,https://fj.linkedin.com/jobs/view/senior-manager-mfs-risk-compliance-at-digicel-pacific-business-4449974897,Senior Manager MFS Risk & Compliance,,scraped,2026-08-07T13:00:50.661251,
0dbb9bf4b9907d04,https://fj.linkedin.com/jobs/view/housekeeping-attendant-at-marriott-international-4449995459,Housekeeping Attendant,Marriott International,posted,2026-08-07T13:01:08.643962,393
1eb3b9346afa10dd,https://fj.linkedin.com/jobs/view/landscape-gsa-at-marriott-international-4449999386,Landscape GSA,Marriott International,posted,2026-08-07T22:34:43.430018,395
096b41da0bff84c1,https://fj.linkedin.com/jobs/view/porter-at-marriott-international-4449990514,Porter,Marriott International,posted,2026-08-08T03:25:58.903108,397
ff61a89be77f1fa3,https://fj.linkedin.com/jobs/view/transport-operations-coordinator-at-tour-managers-fiji-4449253144,Transport Operations Coordinator,,scraped,2026-08-08T10:31:34.396443,
e63872929d8cb5cf,https://fj.linkedin.com/jobs/view/multimedia-content-creator-at-r-c-manubhai-co-pte-ltd-4450586532,Multimedia Content Creator,,scraped,2026-08-08T10:32:06.064100,
d0eae97247ead8f7,https://fj.linkedin.com/jobs/view/accounts-officer-at-tour-managers-fiji-4449231937,Accounts Officer,,scraped,2026-08-08T10:32:44.861812,
3e829eee6de3e5b7,https://fj.linkedin.com/jobs/view/japanese-inflight-interpreter-at-tour-managers-fiji-4449254053,Japanese Inflight Interpreter,,scraped,2026-08-08T10:33:04.213515,
b74ccf304ea0ef2d,https://fj.linkedin.com/jobs/view/heavy-diesel-mechanic-at-tour-managers-fiji-4449254055,Heavy Diesel Mechanic,,scraped,2026-08-08T10:33:13.542787,
a34ea411b5801417,https://fj.linkedin.com/jobs/view/veterinary-sales-executive-vse-at-intact-bio-laboratories-4449953956,Veterinary sales executive (VSE),,scraped,2026-08-08T14:31:31.819649,
50d92a763374fe29,https://fj.linkedin.com/jobs/view/tour-desk-conceirge-services-at-tour-managers-fiji-4449232943,Tour Desk/ Conceirge Services,,scraped,2026-08-08T16:31:46.489493,
a26d9c93102508cc,https://fj.linkedin.com/jobs/view/senior-manager-mfs-risk-compliance-at-digicel-central-resources-fiji-pte-limited-4449989429,Senior Manager MFS Risk & Compliance,Digicel Central Resources (Fiji) Pte Limited,posted,2026-08-08T18:36:24.681615,399
10fa00aada1bb6f5,https://fj.linkedin.com/jobs/view/assistant-lecturer-lecturer-senior-lecturer-in-clinical-psychology-at-psydin-4451080811,Assistant Lecturer/Lecturer/Senior Lecturer in Clinical Psychology,PsyDin,posted,2026-08-08T18:36:33.726856,401
f13523979c0fc914,https://fj.linkedin.com/jobs/view/kitchen-attach%C3%A9-at-marriott-international-4451381883,Kitchen Attaché,Marriott International,posted,2026-08-10T13:05:21.883958,403
4d7ed160fcbdc56a,https://fj.linkedin.com/jobs/view/recreation-guest-service-agent-at-sheraton-hotels-resorts-4450318568,Recreation Guest Service Agent,Sheraton Hotels &amp; Resorts,posted,2026-08-10T18:56:30.069040,405
245956bd1c522c89,https://fj.linkedin.com/jobs/view/expression-of-interest-casual-supply-chain-at-bat-4451120733,Expression of Interest: Casual - Supply Chain,,scraped,2026-08-10T18:56:32.772465,
1f179ac16e0c07c9,https://fj.linkedin.com/jobs/view/assistant-manager-engineering-guestroom-services-at-westin-hotels-resorts-4449498206,Assistant Manager Engineering - Guestroom Services,Westin Hotels &amp; Resorts,posted,2026-08-10T18:56:47.442047,407
0e0e5c44d882eda6,https://fj.linkedin.com/jobs/view/sales-merchandiser-at-essity-4449846002,Sales Merchandiser,,scraped,2026-08-11T01:38:04.090964,
55d100e251790fce,https://fj.linkedin.com/jobs/view/plumber-at-sheraton-hotels-resorts-4450325373,Plumber,Sheraton Hotels &amp; Resorts,posted,2026-08-11T13:00:33.229180,379
aacdfdf6b9bb6cbb,https://fj.linkedin.com/jobs/view/rooms-guest-service-assistant-at-sheraton-hotels-resorts-4452453023,Rooms Guest Service Assistant,Sheraton Hotels &amp; Resorts,posted,2026-08-11T13:01:12.075451,141
ca2946aa9eb7aa52,https://fj.linkedin.com/jobs/view/fiji-group-accounts-receivable-manager-at-transam-logistics-4450682043,Fiji Group Accounts Receivable Manager,,scraped,2026-08-11T14:56:01.596089,
11bbdb8a0cda731a,https://fj.linkedin.com/jobs/view/tax-accounting-and-reporting-acr-manager-suva-office-at-ey-4451650571,Tax Accounting and Reporting ACR - Manager - Suva Office,EY,posted,2026-08-11T14:56:21.319150,409
69f8314535791d02,https://fj.linkedin.com/jobs/view/manager-sales-business-development-sme-relationships-at-tower-insurance-4451479407,"Manager Sales, Business Development & SME Relationships",,scraped,2026-08-11T14:56:23.916175,
1b31fb8033f7292b,https://fj.linkedin.com/jobs/view/senior-finance-officer-fiji-program-support-platform-at-abt-global-australia-4450301504,Senior Finance Officer - Fiji Program Support Platform,,scraped,2026-08-11T14:56:31.013580,
2ac06ed5c344a04b,https://fj.linkedin.com/jobs/view/manager-transaction-banking-sales-fiji-at-anz-4448719156,Manager Transaction Banking Sales Fiji,,scraped,2026-08-11T14:56:47.498687,
d5cf4a103ca67bd9,https://fj.linkedin.com/jobs/view/finance-executive-accounts-payable-at-sheraton-hotels-resorts-4452402165,Finance Executive (Accounts Payable),Sheraton Hotels &amp; Resorts,posted,2026-08-11T14:56:59.818514,411
e3493d0e082f3050,https://fj.linkedin.com/jobs/view/plumber-at-sheraton-hotels-resorts-4452453037,Plumber,Sheraton Hotels &amp; Resorts,posted,2026-08-11T14:57:14.416772,379
599922661df55965,https://fj.linkedin.com/jobs/view/resident-macroeconomic-frameworks-advisor-pftac-at-international-monetary-fund-4452494408,Resident Macroeconomic Frameworks Advisor (PFTAC),International Monetary Fund,posted,2026-08-11T16:56:52.843237,413
a370b9b7ac1992ec,https://fj.linkedin.com/jobs/view/marketing-executive-at-digicel-pacific-business-4452187480,Marketing Executive,,scraped,2026-08-11T16:57:07.441350,
4d781bd7183ec55e,https://fj.linkedin.com/jobs/view/painter-at-sheraton-hotels-resorts-4450329273,Painter,Sheraton Hotels &amp; Resorts,posted,2026-08-11T22:40:12.244419,337
1e131d497abb80d8,https://fj.linkedin.com/jobs/view/tax-accounting-and-reporting-acr-senior-suva-office-at-ey-4449544595,Tax Accounting and Reporting ACR - Senior - Suva Office,EY,posted,2026-08-11T22:40:23.827066,415
0da526d73fa19ea7,https://fj.linkedin.com/jobs/view/project-officer-%E2%80%93-sustainable-agriculture-and-agrifood-value-chain-development-local-agent-group-i-at-eubam-libya-4451965967,Project Officer – Sustainable Agriculture and Agrifood Value Chain Development (Local Agent Group I),,scraped,2026-08-12T01:48:39.601848,
ee0815f322a29e45,https://fj.linkedin.com/jobs/view/human-resources-executive-at-marriott-international-4451969645,Human Resources Executive,Marriott International,posted,2026-08-12T01:49:13.539217,47
40b492a3f025daf7,https://fj.linkedin.com/jobs/view/it-administrator-suva-at-merchant-finance-pte-limited-4453039823,IT Administrator - Suva,,scraped,2026-08-12T04:06:50.460371,
fd1ebbb579b0c194,https://fj.linkedin.com/jobs/view/claims-analyst-at-qbe-insurance-4448774570,Claims Analyst,QBE Insurance,posted,2026-08-12T04:08:15.617651,417
fe276cce62c14993,https://fj.linkedin.com/jobs/view/assistant-food-beverage-manager-at-radisson-hotel-group-4453053994,Assistant Food & Beverage Manager,Radisson Hotel Group,posted,2026-08-12T07:22:47.247643,419
40c7a379fe5ac3cd,https://fj.linkedin.com/jobs/view/food-beverage-operations-manager-at-radisson-hotel-group-4453073105,Food & Beverage Operations Manager,Radisson Hotel Group,posted,2026-08-12T09:10:17.499897,421
d4c4f0a4c7e09715,https://fj.linkedin.com/jobs/view/executive-housekeeper-at-radisson-hotel-group-4453056848,Executive Housekeeper,Radisson Hotel Group,posted,2026-08-12T13:05:40.360629,307
de390f814b4c23f9,https://fj.linkedin.com/jobs/view/sales-executive-reactive-at-marriott-international-4453118320,Sales Executive - Reactive,Marriott International,posted,2026-08-12T13:06:27.325388,423
c78d21d35b21a394,https://fj.linkedin.com/jobs/view/director-of-event-planning-at-sheraton-hotels-resorts-4453111383,Director of Event Planning,Sheraton Hotels &amp; Resorts,posted,2026-08-12T13:06:44.570003,425
6f7a8bf117270d9c,https://fj.linkedin.com/jobs/view/assistant-human-resources-manager-at-marriott-international-4453109366,Assistant Human Resources Manager,Marriott International,posted,2026-08-12T14:56:21.079621,427
db36d55c8860f82c,https://fj.linkedin.com/jobs/view/accounts-receivable-specialist-at-transam-logistics-4450667503,Accounts Receivable Specialist,,scraped,2026-08-12T16:56:05.270623,
d14d895cb0b67336,https://fj.linkedin.com/jobs/view/chef-de-cuisine-nikkei-cuisine-at-westin-hotels-resorts-4452603407,Chef de Cuisine - Nikkei Cuisine,Westin Hotels &amp; Resorts,posted,2026-08-12T20:42:32.522391,429
d575b27049e5b2ad,https://fj.linkedin.com/jobs/view/senior-system-engineer-at-data%233-4451462646,Senior System Engineer,,scraped,2026-08-12T20:42:35.152224,
7cc109344af85e53,https://fj.linkedin.com/jobs/view/consultancy-for-technical-support-for-regional-at-advocacy-and-social-behavior-change-internationals-only-remote-with-travel-at-unicef-chad-4449879102,"Consultancy for Technical Support for Regional AT Advocacy and Social Behavior Change (Internationals only, remote with travel)",Unicef CHAD,posted,2026-08-12T20:42:56.601941,431
3648d67ea8277237,https://fj.linkedin.com/jobs/view/procurement-officer-at-pacific-community-spc-4453647362,Procurement Officer,,scraped,2026-08-13T07:24:22.934025,
5f359ad33a4cc87b,https://fj.linkedin.com/jobs/view/senior-manager-manager-audit-assurance-at-kpmg-fiji-4453658384,Senior Manager/Manager - Audit & Assurance,KPMG Fiji,posted,2026-08-13T07:25:28.048304,433
3919b8c2300b95fc,https://fj.linkedin.com/jobs/view/operation-executive-4452370134,Operation Executive,ETC Cleaning Services Sdn Bhd,posted,2026-08-13T09:10:53.531076,435
fe7a54f168bf6ece,https://fj.linkedin.com/jobs/view/media-and-communications-assistant-fiji-nationals-only-at-iom-un-migration-4453682670,Media and Communications Assistant (Fiji Nationals Only),IOM - UN Migration,posted,2026-08-13T09:11:10.314104,437
325ad4c062b72c55,https://fj.linkedin.com/jobs/view/project-assistant-climate-mobility-communications-fiji-nationals-only-at-iom-un-migration-4453683629,Project Assistant (Climate Mobility Communications) (Fiji Nationals Only),IOM - UN Migration,posted,2026-08-13T09:11:26.637340,439
967a3340651b822f,https://fj.linkedin.com/jobs/view/administrative-assistant-climate-mobility-fiji-nationals-only-at-iom-un-migration-4453672715,Administrative Assistant (Climate Mobility) (Fiji Nationals Only),IOM - UN Migration,posted,2026-08-13T09:11:44.839490,441
c2289f07b6740f08,https://fj.linkedin.com/jobs/view/administrative-assistant-climate-mobility-fiji-nationals-only-at-vacancies-at-iom-indonesia-4453689313,Administrative Assistant (Climate Mobility) (Fiji Nationals Only),Vacancies at IOM Indonesia,posted,2026-08-13T11:00:36.774972,441
87077caf872f0e4e,https://fj.linkedin.com/jobs/view/freelance-at-firstsource-4452393189,Freelance,,scraped,2026-08-13T13:07:02.847116,
ad952b418d5c944d,https://fj.linkedin.com/jobs/view/administration-intern-intern-intern-wwf-pacific-islands-fiji-operations-at-wwf-cities-4451673090,Administration Intern (Intern - Intern - WWF Pacific Islands - Fiji - Operations),WWF Cities,posted,2026-08-13T13:07:26.002089,443
a281630d63d431aa,https://fj.linkedin.com/jobs/view/contact-centre-agent-billing-provisioning-at-rcl-services-4452342902,Contact Centre Agent - Billing & Provisioning,,scraped,2026-08-13T13:07:28.644752,
cfe90e2c9a4e934a,https://fj.linkedin.com/jobs/view/pacific-region-policy-adviser-at-unops-4450491772,Pacific Region Policy Adviser,,scraped,2026-08-13T16:55:20.405368,
ba63c231aa814e32,https://fj.linkedin.com/jobs/view/human-resources-manager-island-based-at-sheraton-hotels-resorts-4454019025,Human Resources Manager (Island Based),Sheraton Hotels &amp; Resorts,posted,2026-08-14T01:49:23.005648,445
b6417dfba1420377,https://fj.linkedin.com/jobs/view/sales-merchandiser-at-essity-4453500855,Sales Merchandiser,,scraped,2026-08-14T04:07:51.577152,
bf2feb189b4feddc,https://fj.linkedin.com/jobs/view/query-billing-agent-at-dhl-express-4454349941,Query & Billing Agent,DHL Express,posted,2026-08-14T07:22:34.791760,447
e29660e3aeedbaa1,https://fj.linkedin.com/jobs/view/talent-acquisition-admin-specialist-at-tkw-research-group-4453514534,TALENT ACQUISITION & ADMIN SPECIALIST,TKW Research Group,posted,2026-08-14T07:22:58.028450,449
75bf95928a99d3e5,https://fj.linkedin.com/jobs/view/pack-technician-at-bat-4453512833,Pack Technician,,scraped,2026-08-14T09:06:06.754140,
590ca7ccca6c7a2f,https://fj.linkedin.com/jobs/view/sales-executive-at-digicel-pacific-business-4450869887,Sales Executive,,scraped,2026-08-14T10:57:38.194335,
5b062398a5e142df,https://fj.linkedin.com/jobs/view/it-helpdesk-engineer-at-digicel-central-resources-fiji-pte-limited-4454302840,IT Helpdesk Engineer,Digicel Central Resources (Fiji) Pte Limited,posted,2026-08-14T13:03:09.770358,451
170f1f69807f7a6a,https://fj.linkedin.com/jobs/view/call-center-representative-agents-at-tkw-research-group-4453512484,Call Center Representative Agents,TKW Research Group,posted,2026-08-14T13:03:19.357765,253
ca2cd2dc4bff175a,https://fj.linkedin.com/jobs/view/accounts-receivable-team-leader-at-sheraton-hotels-resorts-4453693984,Accounts Receivable Team Leader,Sheraton Hotels &amp; Resorts,posted,2026-08-14T13:03:44.245237,453
bf1475efe62ed0bd,https://fj.linkedin.com/jobs/view/steward-guest-service-attendant-at-sheraton-hotels-resorts-4454531317,Steward Guest Service Attendant,Sheraton Hotels &amp; Resorts,posted,2026-08-14T16:51:00.064325,259
67f83f141ad75fc2,https://fj.linkedin.com/jobs/view/project-officer-%E2%80%93-transport-infrastructure-and-connectivity-development-local-agent-group-i-at-eubam-libya-4454847143,Project Officer – Transport Infrastructure and Connectivity Development (Local Agent Group I),,scraped,2026-08-15T01:08:49.226754,
ddb49f3e6e8ae084,https://fj.linkedin.com/jobs/view/claims-manager-at-marsh-risk-4450877238,Claims Manager,Marsh Risk,posted,2026-08-15T08:26:45.547900,455
084f420840761d56,https://fj.linkedin.com/jobs/view/commercial-manager-ceva-fiji-at-cj-patel-group-of-companies-4455215404,Commercial Manager - CEVA Fiji,CJ Patel Group of Companies,posted,2026-08-17T01:10:18.888032,457
d9664dfb3ecead5d,https://fj.linkedin.com/jobs/view/graduate-accountant-at-hlb-advisory-fiji-4454225127,Graduate Accountant,,scraped,2026-08-17T01:10:27.408090,
ee312be810aec3bb,https://fj.linkedin.com/jobs/view/ehs-manager-at-neptune-pacific-direct-line-4455253508,EHS Manager,,scraped,2026-08-17T06:52:38.159741,
59a3c4f9ad28cf95,https://fj.linkedin.com/jobs/view/pest-control-technician-at-neptune-pacific-direct-line-4455232654,Pest Control Technician,,scraped,2026-08-17T06:52:45.679712,
be14229c12dc5380,https://fj.linkedin.com/jobs/view/international-affiliate-fiji-at-lyra-health-4453902287,International Affiliate - Fiji,Lyra Health,posted,2026-08-17T06:53:08.793849,193
3b89a4ce5dc97fd0,https://fj.linkedin.com/jobs/view/lab-tech-chemistry-assoc-at-halliburton-4453578284,"Lab Tech-Chemistry, Assoc",Halliburton,posted,2026-08-17T06:53:18.630459,459
2eabbd6acac60fcd,https://fj.linkedin.com/jobs/view/human-resources-intern-at-the-beachclub-wailoaloa-nadi-fiji-4453234870,Human Resources Intern,"The BeachClub Wailoaloa, Nadi Fiji",posted,2026-08-17T08:41:45.249152,461
7e5b0540a4aed952,https://fj.linkedin.com/jobs/view/people-and-culture-coordinator-plmsp-at-palladium-make-it-possible-4445673745,People and Culture Coordinator - PLMSP,Palladium: Make It Possible,posted,2026-08-17T10:30:57.930218,463
3854943e16044a7f,https://fj.linkedin.com/jobs/view/blender-specialist-at-sme-careers-4452640918,Blender Specialist,SME Careers,posted,2026-08-17T10:31:20.324636,465
1eeb6c974773f226,https://fj.linkedin.com/jobs/view/commis-iii-at-westin-hotels-resorts-4455274939,Commis III,Westin Hotels &amp; Resorts,posted,2026-08-17T12:40:49.669257,143
879c70c668edd711,https://fj.linkedin.com/jobs/view/duty-manager-at-radisson-hotel-group-4455223244,Duty Manager,Radisson Hotel Group,posted,2026-08-17T12:41:03.679839,467
3e666040d3ab2574,https://fj.linkedin.com/jobs/view/front-office-guest-service-assistant-airport-representative-at-sheraton-hotels-resorts-4455254420,Front Office Guest Service Assistant- Airport Representative,Sheraton Hotels &amp; Resorts,posted,2026-08-17T12:41:36.531894,69
0bd46a5ea6844517,https://fj.linkedin.com/jobs/view/sales-manager-at-sheraton-hotels-resorts-4455239550,Sales Manager,Sheraton Hotels &amp; Resorts,posted,2026-08-17T12:41:45.803617,469
0243e985b963766b,https://fj.linkedin.com/jobs/view/director-of-food-and-beverage-at-westin-hotels-resorts-4454513408,Director of Food and Beverage,Westin Hotels &amp; Resorts,posted,2026-08-17T12:41:55.197877,471
04df78e9f0e3d064,https://fj.linkedin.com/jobs/view/kids-club-guest-service-assistant-at-marriott-international-4455298004,Kids Club Guest Service Assistant,Marriott International,posted,2026-08-17T12:42:10.170702,473
ae70c4fa1cd89ce1,https://fj.linkedin.com/jobs/view/hr-associate-open-to-internal-and-external-applicants-at-undp-careers-4455299635,HR Associate [Open to internal and external applicants],UNDP Careers,posted,2026-08-17T14:26:28.289104,475
b969b035dcaa0073,https://fj.linkedin.com/jobs/view/sales-executive-at-sheraton-hotels-resorts-4455277979,Sales Executive,Sheraton Hotels &amp; Resorts,posted,2026-08-17T14:27:18.305029,477
3bd265aad30cf9dc,https://fj.linkedin.com/jobs/view/mfs-risk-compliance-lead-at-digicel-fiji-4455247811,MFS Risk & Compliance Lead,,scraped,2026-08-17T16:26:00.765226,
c92d9ae11b097967,https://fj.linkedin.com/jobs/view/nepriklausomo-audito-komiteto-narys-%C4%97-at-keli%C5%B3-prie%C5%BEi%C5%ABra-4454400726,NEPRIKLAUSOMO AUDITO KOMITETO NARYS (-Ė),,scraped,2026-08-17T18:36:51.567119,
38c66bf08fb6957c,https://fj.linkedin.com/jobs/view/finance-and-administration-officer-at-pacific-community-spc-4455270475,Finance and Administration Officer,,scraped,2026-08-17T18:37:13.195845,
87e7f48f2840750e,https://fj.linkedin.com/jobs/view/claims-manager-at-marsh-risk-4455327492,Claims Manager,Marsh Risk,posted,2026-08-17T22:23:01.614071,455
74d0e8df5c36ce5b,https://fj.linkedin.com/jobs/view/golf-superintendent-maintenance-manager-at-westin-hotels-resorts-4445925436,Golf Superintendent (Maintenance Manager),Westin Hotels &amp; Resorts,posted,2026-08-18T01:08:20.831770,479
6b0a0d089f67d543,https://fj.linkedin.com/jobs/view/procurement-associate-open-to-internal-and-external-applicants-at-undp-careers-4455567366,Procurement Associate [Open to internal and external applicants],UNDP Careers,posted,2026-08-18T02:54:44.512457,481
631c2c2581c63af9,https://fj.linkedin.com/jobs/view/%F0%9D%97%9C%F0%9D%97%BB%F0%9D%98%80%F0%9D%98%81%F0%9D%97%BF%F0%9D%98%82%F0%9D%97%BA%F0%9D%97%B2%F0%9D%97%BB%F0%9D%98%81%F0%9D%97%AE%F0%9D%98%81%F0%9D%97%B6%F0%9D%97%BC%F0%9D%97%BB-%F0%9D%97%96%F0%9D%97%BC%F0%9D%97%BB%F0%9D%98%81%F0%9D%97%BF%F0%9D%97%BC%F0%9D%97%B9%F0%9D%98%80-%F0%9D%97%98%F0%9D%97%BB%F0%9D%97%B4%F0%9D%97%B6%F0%9D%97%BB%F0%9D%97%B2%F0%9D%97%B2%F0%9D%97%BF-%F0%9D%97%A7%F0%9D%97%B2%F0%9D%97%B0%F0%9D%97%B5%F0%9D%97%BB%F0%9D%97%B6%F0%9D%97%B0%F0%9D%97%B6%F0%9D%97%AE%F0%9D%97%BB-at-pacific-technologies-new-zealand-limited-4454441891,𝗜𝗻𝘀𝘁𝗿𝘂𝗺𝗲𝗻𝘁𝗮𝘁𝗶𝗼𝗻 & 𝗖𝗼𝗻𝘁𝗿𝗼𝗹𝘀 𝗘𝗻𝗴𝗶𝗻𝗲𝗲𝗿 / 𝗧𝗲𝗰𝗵𝗻𝗶𝗰𝗶𝗮𝗻,,scraped,2026-08-18T02:55:45.102325,
a31aa0f0f04adfbf,https://fj.linkedin.com/jobs/view/%F0%9D%97%9C%F0%9D%97%BB%F0%9D%98%80%F0%9D%98%81%F0%9D%97%BF%F0%9D%98%82%F0%9D%97%BA%F0%9D%97%B2%F0%9D%97%BB%F0%9D%98%81%F0%9D%97%AE%F0%9D%98%81%F0%9D%97%B6%F0%9D%97%BC%F0%9D%97%BB-%F0%9D%97%96%F0%9D%97%BC%F0%9D%97%BB%F0%9D%98%81%F0%9D%97%BF%F0%9D%97%BC%F0%9D%97%B9%F0%9D%98%80-%F0%9D%97%98%F0%9D%97%BB%F0%9D%97%B4%F0%9D%97%B6%F0%9D%97%BB%F0%9D%97%B2%F0%9D%97%B2%F0%9D%97%BF-%F0%9D%97%A7%F0%9D%97%B2%F0%9D%97%B0%F0%9D%97%B5%F0%9D%97%BB%F0%9D%97%B6%F0%9D%97%B0%F0%9D%97%B6%F0%9D%97%AE%F0%9D%97%BB-at-pacific-technologies-new-zealand-limited-4454437940,𝗜𝗻𝘀𝘁𝗿𝘂𝗺𝗲𝗻𝘁𝗮𝘁𝗶𝗼𝗻 & 𝗖𝗼𝗻𝘁𝗿𝗼𝗹𝘀 𝗘𝗻𝗴𝗶𝗻𝗲𝗲𝗿 / 𝗧𝗲𝗰𝗵𝗻𝗶𝗰𝗶𝗮𝗻,,scraped,2026-08-18T04:34:51.172151,
91bdaa67ac688a67,https://fj.linkedin.com/jobs/view/ports-and-shipping-specialist-at-ntu-international-a-s-4452559947,Ports and Shipping Specialist,,scraped,2026-08-18T06:40:18.280784,
6e1329687b6918d5,https://fj.linkedin.com/jobs/view/executive-office-manager-suva-at-pacific-community-spc-4455239290,Executive Office Manager - Suva,,scraped,2026-08-18T10:27:04.691064,
b33a74cafde8360b,https://fj.linkedin.com/jobs/view/senior-plumber-at-marriott-international-4455295009,Senior Plumber,Marriott International,posted,2026-08-18T12:41:55.140638,65
1b278dbf75b9627e,https://fj.linkedin.com/jobs/view/transport-operations-coordinator-at-tour-managers-fiji-4452590450,Transport Operations Coordinator,,scraped,2026-08-18T14:32:00.228513,
0f844e9d67597c4f,https://fj.linkedin.com/jobs/view/divisional-support-associate-at-pacific-community-spc-4455704538,Divisional Support Associate,,scraped,2026-08-18T14:32:59.883081,
28aff2c4a2591883,https://fj.linkedin.com/jobs/view/academy-at-sasa-spa-ag-soc-autobus-servizi-d-area-4452832355,Academy,SASA SPA AG SOC AUTOBUS SERVIZI D'AREA,posted,2026-08-18T18:36:37.824361,483
56f9724397dc0bd2,https://fj.linkedin.com/jobs/view/claims-manager-at-marsh-risk-4455319656,Claims Manager,Marsh Risk,posted,2026-08-18T20:21:48.395191,455
8703886e017a8896,https://fj.linkedin.com/jobs/view/national-director-habitat-for-humanity-fiji-at-habitat-for-humanity-international-4455730571,National Director - Habitat for Humanity Fiji,Habitat for Humanity International,posted,2026-08-18T20:22:00.310013,485
a6aff3381ed71de5,https://fj.linkedin.com/jobs/view/national-and-international-technical-support-for-child-friendly-service-spaces-child-protection-suva-fiji-11-months-remote-with-trip-at-unicef-chad-4452853028,"(NATIONAL and INTERNATIONAL) Technical Support for Child Friendly Service Spaces, Child Protection, Suva, Fiji, 11 months (Remote with trip)",Unicef CHAD,posted,2026-08-18T20:22:14.461695,487
de96e23207e1a723,https://fj.linkedin.com/jobs/view/national-and-international-technical-support-for-child-friendly-service-spaces-child-protection-suva-fiji-11-months-remote-with-trip-at-unicef-bangladesh-4454772337,"(NATIONAL and INTERNATIONAL) Technical Support for Child Friendly Service Spaces, Child Protection, Suva, Fiji, 11 months (Remote with trip)",,scraped,2026-08-18T20:22:17.074264,
5133cde01120d8e6,https://fj.linkedin.com/jobs/view/accounts-payable-specialist-at-neptune-pacific-direct-line-4456108158,Accounts Payable Specialist,,scraped,2026-08-19T01:09:14.906534,
9e215ab57230b9be,https://fj.linkedin.com/jobs/view/rostering-scheduling-officer-at-tkw-research-group-4454960527,ROSTERING / SCHEDULING OFFICER,TKW Research Group,posted,2026-08-19T06:40:57.893543,489
ff802e1fc67ad6be,https://fj.linkedin.com/jobs/view/accounts-receivable-administrator-at-essity-4452857733,Accounts Receivable Administrator,,scraped,2026-08-19T06:41:12.429044,
d4d7263ad604b93c,https://fj.linkedin.com/jobs/view/chief-financial-officer-at-raffe-hotels-resorts-4455999298,Chief Financial Officer,,scraped,2026-08-19T06:41:38.750685,
49b8b2e866efe2a4,https://fj.linkedin.com/jobs/view/programmes-impact-coordinator-at-fiji-water-4456139901,Programmes & Impact Coordinator,FIJI Water,posted,2026-08-19T08:35:35.712451,385
6ae8c815b4eabf2c,https://fj.linkedin.com/jobs/view/project-manager-at-hunters-international-4454991034,Project Manager,,scraped,2026-08-19T08:35:58.304064,
d27d8104ee13fe31,https://fj.linkedin.com/jobs/view/earth-observation-technical-assistant-at-pacific-community-spc-4455715492,Earth Observation - Technical Assistant,,scraped,2026-08-19T08:36:22.618924,
0b1cf5e9f1d982d7,https://fj.linkedin.com/jobs/view/ncd-officer-policy-and-evaluation-at-pacific-community-spc-4456162176,NCD Officer - Policy and Evaluation,,scraped,2026-08-19T08:36:29.825050,
03ee131eac06243a,https://fj.linkedin.com/jobs/view/onboarding-associate-at-apex-group-ltd-4453421480,Onboarding Associate,,scraped,2026-08-19T10:27:23.329348,
5cfb6761e3cc9cb6,https://fj.linkedin.com/jobs/view/geospatial-data-assistant-at-pacific-community-spc-4455707528,Geospatial Data Assistant,,scraped,2026-08-19T12:43:24.287285,
a970de07d985ec50,https://fj.linkedin.com/jobs/view/farm-hand-attendant-at-marriott-international-4455289032,Farm Hand Attendant,Marriott International,posted,2026-08-19T14:32:59.579265,121
eeed3571489a5d9f,https://fj.linkedin.com/jobs/view/commis-3-at-marriott-international-4455592321,Commis 3,Marriott International,posted,2026-08-19T14:33:04.722536,61
d65e864786be2dda,https://fj.linkedin.com/jobs/view/spa-therapist-at-marriott-international-4456305394,Spa Therapist,Marriott International,posted,2026-08-19T20:26:02.394539,491
bcee9fe90f8cbc05,https://fj.linkedin.com/jobs/view/creative-content-project-lead-at-digicel-central-resources-fiji-pte-limited-4456397636,Creative Content Project Lead,Digicel Central Resources (Fiji) Pte Limited,posted,2026-08-20T01:08:24.194494,493
ff57dbb833f24340,https://fj.linkedin.com/jobs/view/mfs-risk-compliance-lead-at-digicel-pacific-business-4454294335,MFS Risk & Compliance Lead,,scraped,2026-08-20T02:56:10.542743,
795bb034a8b4191b,https://fj.linkedin.com/jobs/view/commis-chef-at-radisson-hotel-group-4456369804,Commis Chef,Radisson Hotel Group,posted,2026-08-20T04:36:08.730995,495
e4fdab260e8150df,https://fj.linkedin.com/jobs/view/sales-development-representative-at-menumiz%E2%84%A2-au-4455618033,Sales Development Representative,,scraped,2026-08-20T04:36:13.309856,
b2912ac2a8746033,https://fj.linkedin.com/jobs/view/creative-content-project-lead-at-digicel-pacific-business-4455610210,Creative Content Project Lead,,scraped,2026-08-20T06:43:29.060780,
f158909d49a81e90,https://fj.linkedin.com/jobs/view/sales-executive-central-at-digicel-pacific-business-4455617146,Sales Executive - Central,,scraped,2026-08-20T08:36:30.723495,
d345aecc8835f866,https://fj.linkedin.com/jobs/view/fixed-term-pest-control-technician-at-neptune-pacific-direct-line-4456476354,Fixed - term Pest Control Technician,,scraped,2026-08-20T08:36:53.044299,
0865f46bc6908e0d,https://fj.linkedin.com/jobs/view/demi-chef-de-partie-at-marriott-international-4456728095,Demi Chef De Partie,Marriott International,posted,2026-08-20T12:44:51.194367,243
41e63a6692f7cb7f,https://fj.linkedin.com/jobs/view/front-office-guest-service-attendant-porter-at-sheraton-hotels-resorts-4456727105,Front Office Guest Service Attendant - Porter,Sheraton Hotels &amp; Resorts,posted,2026-08-20T12:45:00.018898,245
64644d1653d44e97,https://fj.linkedin.com/jobs/view/receiving-guest-service-agent-at-sheraton-hotels-resorts-4456723108,Receiving Guest Service Agent,Sheraton Hotels &amp; Resorts,posted,2026-08-20T12:45:31.549835,497
030adabd1e58834d,https://fj.linkedin.com/jobs/view/food-and-beverage-team-leader-at-sheraton-hotels-resorts-4456711195,Food and Beverage Team Leader,Sheraton Hotels &amp; Resorts,posted,2026-08-20T12:45:42.274490,499
a3cd90795c32bec1,https://fj.linkedin.com/jobs/view/front-office-guest-service-assistant-porter-at-sheraton-hotels-resorts-4456722141,Front Office Guest Service Assistant - Porter,Sheraton Hotels &amp; Resorts,posted,2026-08-20T12:45:53.628747,501
7596b12d8995d78f,https://fj.linkedin.com/jobs/view/front-office-guest-service-attendant-welcome-warrior-at-sheraton-hotels-resorts-4456719120,Front Office Guest Service Attendant (Welcome Warrior),Sheraton Hotels &amp; Resorts,posted,2026-08-20T12:45:58.306111,311
bcd50b86a5ed612c,https://fj.linkedin.com/jobs/view/recreation-assistant-at-marriott-international-4456722142,Recreation Assistant,Marriott International,posted,2026-08-20T12:46:07.024732,101
50d21fe17759aff0,https://fj.linkedin.com/jobs/view/commis-2-at-marriott-international-4456721151,Commis 2,Marriott International,posted,2026-08-20T12:46:11.989516,103
ee623a7dd6214ab3,https://fj.linkedin.com/jobs/view/food-beverage-team-leader-at-marriott-international-4456730125,Food & Beverage Team Leader,Marriott International,posted,2026-08-20T12:46:18.551383,213
80eee98b656597a7,https://fj.linkedin.com/jobs/view/commis-2-pastry-at-marriott-international-4456721145,Commis 2 - Pastry,Marriott International,posted,2026-08-20T12:46:23.290520,195
c7b09e0cd77ea0dc,https://fj.linkedin.com/jobs/view/commis-chef-1-at-marriott-international-4456725132,Commis Chef 1,Marriott International,posted,2026-08-20T12:46:37.010517,503
ae1bdd7f01e5c83f,https://fj.linkedin.com/jobs/view/massage-therapist-at-marriott-international-4456716147,Massage Therapist,Marriott International,posted,2026-08-20T12:46:48.304566,505
b124f624bddb1241,https://fj.linkedin.com/jobs/view/receiving-team-leader-at-sheraton-hotels-resorts-4456717144,Receiving Team Leader,Sheraton Hotels &amp; Resorts,posted,2026-08-20T14:34:56.491226,507
b63259bb18c2c983,https://fj.linkedin.com/jobs/view/chef-de-cuisine-tatavu-at-sheraton-hotels-resorts-4456711169,Chef de Cuisine - Tatavu,Sheraton Hotels &amp; Resorts,posted,2026-08-20T14:35:43.785834,509
f166852e128b1ec4,https://fj.linkedin.com/jobs/view/sous-chef-asian-cuisine-at-marriott-international-4456732121,Sous Chef - Asian Cuisine,Marriott International,posted,2026-08-20T14:35:52.638887,511
eef33a4a77793c43,https://fj.linkedin.com/jobs/view/sous-chef-pastry-at-marriott-international-4456726146,Sous Chef - Pastry,Marriott International,posted,2026-08-20T14:36:01.567844,513
ff4642a9daabb516,https://fj.linkedin.com/jobs/view/loss-prevention-officer-at-marriott-international-4455282106,Loss Prevention Officer,Marriott International,posted,2026-08-20T14:36:14.280721,137
5e4eedd4f60632e9,https://fj.linkedin.com/jobs/view/recreation-attendant-at-marriott-international-4456472405,Recreation Attendant,Marriott International,posted,2026-08-20T16:34:16.113923,515
79fd82cff6618771,https://fj.linkedin.com/jobs/view/commis-1-at-marriott-international-4456728093,Commis 1,Marriott International,posted,2026-08-20T18:37:25.003002,129
6efa2859944fc7e9,https://fj.linkedin.com/jobs/view/food-beverage-gsa-at-marriott-international-4456715150,Food & Beverage GSA,Marriott International,posted,2026-08-20T22:26:25.218681,217
eb501e9d50fb6000,https://fj.linkedin.com/jobs/view/expression-of-interest-electrical-lead-12-months-fixed-term-at-bat-4456034600,Expression of Interest: Electrical Lead (12 Months - Fixed Term),,scraped,2026-08-21T03:01:46.561362,
f31e87bcc44818e4,https://fj.linkedin.com/jobs/view/call-center-representative-agents-at-tkw-research-group-4456080156,Call Center Representative Agents,TKW Research Group,posted,2026-08-21T06:42:49.590994,253
cddee77e7b7053aa,https://fj.linkedin.com/jobs/view/opex-accountant-at-digicel-pacific-business-4456074589,Opex Accountant,,scraped,2026-08-21T06:42:52.161713,
874aacbf5a66d9f2,https://fj.linkedin.com/jobs/view/accounts-payable-executive-at-digicel-central-resources-fiji-pte-limited-4457048923,Accounts Payable Executive,Digicel Central Resources (Fiji) Pte Limited,posted,2026-08-21T06:43:04.952250,91
dec85336b5964f01,https://fj.linkedin.com/jobs/view/accounts-payable-executive-at-digicel-pacific-business-4456082495,Accounts Payable Executive,,scraped,2026-08-21T06:43:11.543719,
2ee0842690ef70f1,https://fj.linkedin.com/jobs/view/survey-enumerators-at-dt-global-4455493826,Survey Enumerators,DT Global,posted,2026-08-21T06:43:30.633637,517
0fe8d85a8735ca55,https://fj.linkedin.com/jobs/view/senior-revenue-direct-cost-accountant-at-digicel-central-resources-fiji-pte-limited-4457042567,Senior Revenue & Direct Cost Accountant,Digicel Central Resources (Fiji) Pte Limited,posted,2026-08-21T06:43:55.200309,519
42152a3bf319f9c4,https://fj.linkedin.com/jobs/view/senior-revenue-direct-cost-accountant-at-digicel-pacific-business-4456096329,Senior Revenue & Direct Cost Accountant,,scraped,2026-08-21T06:43:57.759313,
2abfa2b8b7189b0a,https://fj.linkedin.com/jobs/view/addetto-a-alla-raccolta-frutta-solarolo-at-agenzia-regionale-per-il-lavoro-emilia-romagna-4455643312,ADDETTO/A ALLA RACCOLTA FRUTTA SOLAROLO,,scraped,2026-08-21T08:39:05.455188,
19a6770631f94abb,https://fj.linkedin.com/jobs/view/commis-iii-bakery-at-sheraton-hotels-resorts-4457098257,Commis III - Bakery,Sheraton Hotels &amp; Resorts,posted,2026-08-21T08:39:32.637853,233
4f6ca1a1d0fe792a,https://fj.linkedin.com/jobs/view/senior-business-solutions-sales-specialist-at-digicel-pacific-business-4456082498,Senior Business Solutions Sales Specialist,,scraped,2026-08-21T08:39:43.302119,
6a706f7cac681dc6,https://fj.linkedin.com/jobs/view/railways-specialist-at-ntu-international-a-s-4457095496,Railways Specialist,,scraped,2026-08-21T10:28:57.839950,
2d2bcf3b55049801,https://fj.linkedin.com/jobs/view/engineering-executive-at-marriott-international-4457314765,Engineering Executive,Marriott International,posted,2026-08-21T12:43:04.369415,207
345dc83e2b75bc08,https://fj.linkedin.com/jobs/view/executive-manager-club-intercontinental-lounge-at-ihg-hotels-resorts-4454180146,Executive Manager Club InterContinental Lounge,,scraped,2026-08-21T12:43:41.078320,
c68716dd7c8f6073,https://fj.linkedin.com/jobs/view/finance-executive-purchasing-at-marriott-international-4457319761,Finance Executive - Purchasing,Marriott International,posted,2026-08-21T12:44:03.521920,521
989fdd8bc9699102,https://fj.linkedin.com/jobs/view/senior-accountant-at-qa-pacific-4456070445,Senior Accountant,QA Pacific,posted,2026-08-21T18:34:41.035564,523
384b039e7ab395df,https://fj.linkedin.com/jobs/view/senior-machine-operator-at-essity-4454168769,Senior Machine Operator,,scraped,2026-08-21T20:24:25.444666,
31efa1ef1d47c6a8,https://fj.linkedin.com/jobs/view/marine-manager-at-laucala-4456280468,Marine Manager,,scraped,2026-08-21T22:23:19.098919,
5339061c4ce961a9,https://fj.linkedin.com/jobs/view/claims-consultant-at-tower-insurance-4455617366,Claims Consultant,,scraped,2026-08-21T22:23:32.133482,
33f3d09f9b7e7275,https://fj.linkedin.com/jobs/view/human-resources-intern-at-vinod-patel-group-4456643343,Human Resources Intern,,scraped,2026-08-22T20:21:05.384291,
f14f33e3e049bc70,https://fj.linkedin.com/jobs/view/container-control-officer-fixed-term-6-months-at-neptune-pacific-direct-line-4458528979,Container Control Officer Fixed - Term (6 Months),,scraped,2026-08-25T01:10:44.017480,
5e3b2d9b8a15361c,https://fj.linkedin.com/jobs/view/senior-officer-payroll-operations-at-anz-4458585520,Senior Officer - Payroll & Operations,,scraped,2026-08-25T04:37:28.555090,
5caead367ebc16d4,https://fj.linkedin.com/jobs/view/multi-line-underwriter-at-qbe-insurance-4457461075,Multi-line Underwriter,QBE Insurance,posted,2026-08-25T06:43:25.402166,241
e31e86eafd1e07db,https://fj.linkedin.com/jobs/view/radio-presenter-at-fijian-broadcasting-corporation-4457429115,Radio Presenter,,scraped,2026-08-25T06:43:38.002160,
3ec589f6eadd8bc7,https://fj.linkedin.com/jobs/view/fixed-term-container-control-officer-6-months-at-neptune-pacific-direct-line-4458598632,Fixed - Term Container Control Officer (6 Months),,scraped,2026-08-25T06:44:20.768187,
cff415b50c15b438,https://fj.linkedin.com/jobs/view/procurement-and-travel-manager-at-pacific-community-spc-4458591521,Procurement and Travel Manager,,scraped,2026-08-25T14:43:31.188598,
fb58f422f05ca501,https://fj.linkedin.com/jobs/view/assistant-lecturer-lecturer-senior-lecturer-in-clinical-psychology-at-psydin-4458786143,Assistant Lecturer/Lecturer/Senior Lecturer in Clinical Psychology,PsyDin,posted,2026-08-25T16:35:58.505722,401
55bfc308057b1bdc,https://fj.linkedin.com/jobs/view/assistant-lecturer-lecturer-senior-lecturer-in-clinical-psychology-at-psydin-4458784194,Assistant Lecturer/Lecturer/Senior Lecturer in Clinical Psychology,PsyDin,scraped,2026-08-25T16:36:48.668637,
b0298c0b0607c951,https://fj.linkedin.com/jobs/view/collections-coordinator-at-veconinter-4459017781,Collections Coordinator,Veconinter,posted,2026-08-25T20:27:17.159315,525
4a6537242a07ded2,https://fj.linkedin.com/jobs/view/commis-chef-1-pastry-at-marriott-international-4456725132,Commis Chef 1 - Pastry,Marriott International,posted,2026-08-26T01:13:06.853265,123
430954b52821edaa,https://fj.linkedin.com/jobs/view/helpdesk-analyst-at-symbos-4456980571,Helpdesk Analyst,,scraped,2026-08-26T04:37:56.898426,
9c651010a186feaa,https://fj.linkedin.com/jobs/view/multi-line-underwriter-at-qbe-insurance-4459100121,Multi-line Underwriter,QBE Insurance,posted,2026-08-26T06:45:56.285097,241
67a98840643aef80,https://fj.linkedin.com/jobs/view/documentation-coordinator-at-neptune-pacific-direct-line-4459080663,Documentation Coordinator,,scraped,2026-08-26T06:46:04.917289,
1880f4d53307ba1a,https://fj.linkedin.com/jobs/view/un-women-administrative-assistant-suva-fiji-fta-gs4-fixed-term-appointment-open-to-fiji-nationals-only-at-un-women-4459163507,"UN Women: Administrative Assistant, Suva, Fiji, FTA GS4, Fixed Term Appointment (Open to Fiji Nationals ONLY)",UN Women,posted,2026-08-26T08:41:48.653880,527
c807f9948088c7cd,https://fj.linkedin.com/jobs/view/claims-manager-at-marsh-risk-4459183283,Claims Manager,Marsh Risk,posted,2026-08-26T12:48:54.762015,455
962dccc8a6f04e7a,https://fj.linkedin.com/jobs/view/aviation-specialist-at-ntu-international-a-s-4458749908,Aviation Specialist,,scraped,2026-08-26T12:49:03.655055,
233f05f012419ee5,https://fj.linkedin.com/jobs/view/cuoco-a-at-agenzia-regionale-per-il-lavoro-emilia-romagna-4456268169,CUOCO/A,,scraped,2026-08-26T22:44:20.767091,
0209cee682275429,https://fj.linkedin.com/jobs/view/janitor-at-neptune-pacific-direct-line-4459622770,Janitor,,scraped,2026-08-27T07:23:30.755251,
63590aa292a3d245,https://fj.linkedin.com/jobs/view/gas-technician-at-sheraton-hotels-resorts-4459624411,Gas Technician,Sheraton Hotels &amp; Resorts,posted,2026-08-27T07:23:52.849206,529
20d5e3f5c5df654a,https://fj.linkedin.com/jobs/view/public-financial-management-pfm-consultant-australia-fiji-health-program-at-abt-global-australia-4458345169,Public Financial Management (PFM) Consultant - Australia Fiji Health Program,,scraped,2026-08-27T07:24:23.430332,
9d3f436ba6c374e7,https://fj.linkedin.com/jobs/view/restaurant-supervisor-at-sheraton-hotels-resorts-4459665061,Restaurant Supervisor,Sheraton Hotels &amp; Resorts,posted,2026-08-27T07:24:46.016929,81
5a3694b004ec1069,https://fj.linkedin.com/jobs/view/key-accounts-manager-at-digicel-pacific-business-4457726787,Key Accounts Manager,,scraped,2026-08-27T18:51:40.920345,
45152d03a45ac8f4,https://fj.linkedin.com/jobs/view/expression-of-interest-operator-fixed-term-at-bat-4458365799,Expression of Interest: Operator (Fixed Term),,scraped,2026-08-28T04:02:41.037924,
bb146f470c16b520,https://fj.linkedin.com/jobs/view/loss-prevention-guest-service-assistant-at-sheraton-hotels-resorts-4460185917,Loss Prevention Guest Service Assistant,Sheraton Hotels &amp; Resorts,posted,2026-08-28T18:13:25.230008,531
580884399dd2cd24,https://fj.linkedin.com/jobs/view/food-beverage-executive-at-marriott-international-4460196765,Food & Beverage Executive,Marriott International,posted,2026-08-28T18:13:48.763902,533
246ab07ae3cbfdb4,https://fj.linkedin.com/jobs/view/senior-investment-manager-at-matanataki-pte-ltd-4460314225,Senior Investment Manager,Matanataki Pte Ltd,posted,2026-08-28T18:14:07.077645,535
16e4345212faef5b,https://fj.linkedin.com/jobs/view/programme-officer-disaster-risk-reduction-and-early-warning-p-at-iom-un-migration-4460313302,Programme Officer (Disaster Risk Reduction and Early Warning) (P),IOM - UN Migration,posted,2026-08-28T18:14:21.000022,537
5c1d53dca28236fc,https://fj.linkedin.com/jobs/view/assistant-manager-outlet-at-sheraton-hotels-resorts-4460181970,Assistant Manager - Outlet,Sheraton Hotels &amp; Resorts,posted,2026-08-28T18:14:37.116865,539
52acdf6d04e9c6cb,https://fj.linkedin.com/jobs/view/food-and-beverage-guest-service-agent-bar-at-sheraton-hotels-resorts-4460187858,Food and Beverage Guest Service Agent - Bar,Sheraton Hotels &amp; Resorts,posted,2026-08-28T18:14:46.642731,541
fabca88e94b0674a,https://fj.linkedin.com/jobs/view/food-and-beverage-guest-service-agent-banquet-at-sheraton-hotels-resorts-4460198770,Food and Beverage Guest Service Agent - Banquet,Sheraton Hotels &amp; Resorts,posted,2026-08-28T18:14:56.219207,543
6242313df338c048,https://fj.linkedin.com/jobs/view/food-and-beverage-guest-service-assistant-at-sheraton-hotels-resorts-4459689708,Food and Beverage Guest Service Assistant,Sheraton Hotels &amp; Resorts,posted,2026-08-28T18:15:01.114377,167
18ce566117b5d51d,https://fj.linkedin.com/jobs/view/expression-of-interest-technician-fixed-term-at-bat-4458938822,Expression of Interest: Technician (Fixed Term),,scraped,2026-08-29T02:43:02.754792,
643ae31ba0445d8a,https://fj.linkedin.com/jobs/view/regional-business-manager-at-d-light-india-4459425922,Regional Business Manager,,scraped,2026-08-29T02:43:28.967718,
5761c092ed220b6c,https://fj.linkedin.com/jobs/view/expression-of-interest-technical-operator-fixed-term-at-bat-4458928917,Expression of Interest: Technical Operator (Fixed Term),,scraped,2026-08-29T02:43:49.377943,
a71c21f12e5adf05,https://fj.linkedin.com/jobs/view/director-of-engineering-at-ihg-hotels-resorts-4458473201,Director of Engineering,,scraped,2026-08-29T10:48:54.535916,
c780fdd12e85c51c,https://fj.linkedin.com/jobs/view/senior-legal-officer-4459478593,Senior Legal Officer,Roman Catholic Archdiocese of Suva,posted,2026-08-29T10:49:22.791258,545
191ace3f0311d8bb,https://fj.linkedin.com/jobs/view/food-and-beverage-guest-service-attendant-at-sheraton-hotels-resorts-4460301193,Food and Beverage Guest Service Attendant,Sheraton Hotels &amp; Resorts,posted,2026-08-29T16:14:56.370974,79
b959a30e9213980f,https://fj.linkedin.com/jobs/view/warehouse-supervisor-at-cj-patel-group-of-companies-4460197342,Warehouse Supervisor,CJ Patel Group of Companies,posted,2026-08-29T20:26:56.980473,547
a7c5191579e66d6d,https://fj.linkedin.com/jobs/view/policy-officer-economic-and-trade-affairs-local-agent-group-i-at-eubam-libya-4460331667,Policy Officer - Economic and Trade Affairs (Local Agent Group I),,scraped,2026-08-29T20:27:07.617672,
a2c6becf032ccdc9,https://fj.linkedin.com/jobs/view/programme-officer-disaster-risk-reduction-and-early-warning-p-at-vacancies-at-iom-indonesia-4460861217,Programme Officer (Disaster Risk Reduction and Early Warning) (P),Vacancies at IOM Indonesia,posted,2026-08-30T03:45:03.752349,537
5149fcf54deb30c6,https://fj.linkedin.com/jobs/view/expression-of-interest-electrical-technician-fixed-term-at-bat-4458352942,Expression of Interest: Electrical Technician (Fixed Term),,scraped,2026-08-30T03:45:16.306125,
a105708e657ab69e,https://fj.linkedin.com/jobs/view/cook-gsa-at-marriott-international-4459693689,Cook GSA,Marriott International,posted,2026-08-30T19:04:04.252969,235
196b078aa66bc003,https://fj.linkedin.com/jobs/view/digital-marketing-executive-at-rsr-group-4459735969,DIGITAL MARKETING EXECUTIVE,RSR Group,posted,2026-08-31T03:45:57.481949,549
725508d0c9074b20,https://fj.linkedin.com/jobs/view/senior-manager-marketing-at-tourism-fiji-4459763227,Senior Manager Marketing,,scraped,2026-08-31T03:46:18.064838,
8d9f1492ae8e4877,https://fj.linkedin.com/jobs/view/regional-programs-manager-at-dt-global-4459765225,Regional Programs Manager,DT Global,posted,2026-08-31T03:46:38.343094,551
cd04f52b9b6c5883,https://fj.linkedin.com/jobs/view/reservations-executive-tier-one-at-sheraton-hotels-resorts-4460197794,Reservations Executive - Tier One,Sheraton Hotels &amp; Resorts,posted,2026-08-31T03:46:49.549341,553
57fa7d20157736ac,https://fj.linkedin.com/jobs/view/commis-iii-at-westin-hotels-resorts-4461048629,Commis III,Westin Hotels &amp; Resorts,posted,2026-08-31T10:33:36.839643,143
4b180c09f593626f,https://fj.linkedin.com/jobs/view/claims-manager-at-marsh-risk-4459182303,Claims Manager,Marsh Risk,posted,2026-08-31T10:33:57.721174,455
5cff6fc16c59abb5,https://fj.linkedin.com/jobs/view/executive-sous-chef-at-raffe-hotels-resorts-4459772334,Executive Sous Chef,,scraped,2026-08-31T10:34:00.292600,
39a9519565a710bd,https://fj.linkedin.com/jobs/view/accounts-payable-specialist-at-fiji-water-4461055596,Accounts Payable Specialist,FIJI Water,posted,2026-08-31T18:48:07.487660,555
c6654e40fcdfc1af,https://fj.linkedin.com/jobs/view/claims-manager-at-marsh-4459183283,Claims Manager,Marsh,posted,2026-08-31T18:48:20.454135,455
4c4a6acdbeb414db,https://fj.linkedin.com/jobs/view/recreation-supervisor-at-marriott-international-4461088173,Recreation Supervisor,Marriott International,posted,2026-08-31T18:48:46.566517,557
1c46166686062818,https://fj.linkedin.com/jobs/view/chief-steward-at-sheraton-hotels-resorts-4461090126,Chief Steward,Sheraton Hotels &amp; Resorts,posted,2026-08-31T18:48:58.094109,559
9e9e90b535baf964,https://fj.linkedin.com/jobs/view/sous-chef-pastry-at-westin-hotels-resorts-4461097019,Sous Chef - Pastry,Westin Hotels &amp; Resorts,posted,2026-08-31T18:49:10.812032,513
baf9b6de70b60d44,https://fj.linkedin.com/jobs/view/payroll-administration-officer-at-vt-solutions-4461045387,Payroll & Administration Officer,,scraped,2026-08-31T23:38:01.813290,
a1a197e564479fd2,https://fj.linkedin.com/jobs/view/blue-economy-investment-specialist-ipsa11-fiji-suva-uncdf-open-to-internal-and-external-applicants-at-undp-careers-4461062202,"Blue Economy Investment Specialist, IPSA11, Fiji - Suva (UNCDF)- [Open to internal and external applicants]",UNDP Careers,posted,2026-08-31T23:38:34.104050,561
818abcc3456e8201,https://fj.linkedin.com/jobs/view/senior-associate-audit-suva-at-ey-4459290573,Senior Associate Audit - Suva,EY,posted,2026-09-01T09:11:27.426552,563
ade6cf8c6e003067,https://fj.linkedin.com/jobs/view/ip-manager-at-digicel-central-resources-fiji-pte-limited-4461575036,IP Manager,Digicel Central Resources (Fiji) Pte Limited,posted,2026-09-01T09:11:48.392525,565
f68ff3e39ece8f01,https://fj.linkedin.com/jobs/view/policy-officer-economic-and-trade-affairs-local-agent-group-i-at-eubam-libya-4461515825,Policy Officer - Economic and Trade Affairs (Local Agent Group I),,scraped,2026-09-01T09:11:50.986327,
46ada164238e7aa4,https://fj.linkedin.com/jobs/view/make-room-ready-at-sheraton-hotels-resorts-4461726349,Make Room Ready,Sheraton Hotels &amp; Resorts,posted,2026-09-01T14:31:46.211079,201
57573c2dd2422795,https://fj.linkedin.com/jobs/view/events-executive-at-sheraton-hotels-resorts-4461716981,Events Executive,Sheraton Hotels &amp; Resorts,posted,2026-09-01T14:31:56.287496,567
93e24e4e54b445c1,https://fj.linkedin.com/jobs/view/stores-guest-service-agent-at-sheraton-hotels-resorts-4461733172,Stores Guest Service Agent,Sheraton Hotels &amp; Resorts,posted,2026-09-01T14:32:51.060417,263
c13cf5fc5bd53b76,https://fj.linkedin.com/jobs/view/food-and-beverage-manager-at-westin-hotels-resorts-4461729298,Food and Beverage Manager,Westin Hotels &amp; Resorts,posted,2026-09-01T22:24:10.606964,569
b24e8a17deb05e46,https://fj.linkedin.com/jobs/view/risk-advisory-services-nadi-1-1-at-ey-4460900203,Risk Advisory Services - Nadi 1 1,EY,posted,2026-09-02T02:59:10.707782,571
b6e67a383c05b60f,https://fj.linkedin.com/jobs/view/risk-advisory-services-nadi-1-1-at-ey-4460916146,Risk Advisory Services - Nadi 1 1,EY,posted,2026-09-02T02:59:17.584583,571
15de1814801c0009,https://fj.linkedin.com/jobs/view/manager-saw-shop-for-yaz-overseas-rl-2064-job-id-1528519-at-bdjobs-com-4459917437,Manager - Saw Shop (For YAZ OVERSEAS (RL-2064)-Job ID: 1528519,Bdjobs.com,posted,2026-09-02T08:24:50.730612,573
8745563d4774fe20,https://fj.linkedin.com/jobs/view/chef-de-partie-at-sheraton-hotels-resorts-4462117854,Chef de Partie,Sheraton Hotels &amp; Resorts,posted,2026-09-02T08:25:01.591987,273
3c29122c1adee1a5,https://fj.linkedin.com/jobs/view/digital-transformation-implementation-adviser-at-dt-global-4460945589,Digital Transformation Implementation Adviser,DT Global,posted,2026-09-02T14:06:28.932859,575
e71e45b89692eac4,https://fj.linkedin.com/jobs/view/commis-iii-at-sheraton-hotels-resorts-4462170572,Commis III,Sheraton Hotels &amp; Resorts,posted,2026-09-02T14:06:45.764203,143
12f57af92c4b73c0,https://fj.linkedin.com/jobs/view/operations-and-sales-coordinator-at-elite-movers-pte-limited-4460934099,Operations and Sales Coordinator,Elite Movers Pte Limited,posted,2026-09-02T19:14:14.051643,577
9aa6655848c030ff,https://fj.linkedin.com/jobs/view/operations-coordinator-kiwa-project-at-conservation-international-4460996503,"Operations Coordinator, KIWA Project",Conservation International,posted,2026-09-02T19:14:33.768779,579
54aa8a11321bf3bb,https://fj.linkedin.com/jobs/view/transport-experts-at-ntu-international-a-s-4461069119,Transport Experts,,scraped,2026-09-02T19:14:38.350414,
1b1e8cd52b6afc03,https://fj.linkedin.com/jobs/view/manager-learning-development-at-sheraton-hotels-resorts-4462187269,Manager Learning & Development,Sheraton Hotels &amp; Resorts,posted,2026-09-02T19:14:52.705954,581
7770df978929e49b,https://fj.linkedin.com/jobs/view/operations-coordinator-kiwa-project-at-conservation-international-4461305230,"Operations Coordinator, KIWA Project",Conservation International,posted,2026-09-02T22:24:00.166299,579
bdd01b5a4ecd1fb3,https://fj.linkedin.com/jobs/view/driver-mobile-technician-at-digicel-pacific-business-4461604039,Driver/Mobile Technician,,scraped,2026-09-03T08:34:04.548630,
adfbd8214711cdd0,https://fj.linkedin.com/jobs/view/sales-executive-at-sheraton-hotels-resorts-4462782075,Sales Executive,Sheraton Hotels &amp; Resorts,posted,2026-09-03T08:34:39.029041,477
e501bdeab3524cf4,https://fj.linkedin.com/jobs/view/junior-sous-chef-bakery-at-sheraton-hotels-resorts-4462761651,Junior Sous Chef - Bakery,Sheraton Hotels &amp; Resorts,posted,2026-09-03T08:34:53.952628,343
30332f5bc1424174,https://fj.linkedin.com/jobs/view/investment-associate-at-matanataki-pte-ltd-4460319379,Investment Associate,Matanataki Pte Ltd,posted,2026-09-03T14:10:00.868133,583
6220f6af1e2e1299,https://fj.linkedin.com/jobs/view/policy-officer-economic-and-trade-affairs-local-agent-group-i-at-eubam-libya-4462827289,Policy Officer - Economic and Trade Affairs (Local Agent Group I),,scraped,2026-09-03T14:10:07.511052,
75cfef5c70e07d3c,https://fj.linkedin.com/jobs/view/food-beverage-supervisor-at-marriott-international-4462810537,Food & Beverage Supervisor,Marriott International,posted,2026-09-03T14:10:37.279819,55
0fc02712b94c314e,https://fj.linkedin.com/jobs/view/bar-gsa-at-marriott-international-4462814273,Bar GSA,Marriott International,posted,2026-09-03T14:10:54.116947,355
1b9ad88c5024c169,https://fj.linkedin.com/jobs/view/operations-coordinator-kiwa-project-at-conservation-south-africa-4462477234,"Operations Coordinator, KIWA Project",,scraped,2026-09-03T19:06:56.223867,
755e6aa37d438a9e,https://fj.linkedin.com/jobs/view/fiji-substitute-teacher-church-college-fiji-at-the-church-of-jesus-christ-of-latter-day-saints-4460650490,FIJI: Substitute Teacher - Church College Fiji,The Church of Jesus Christ of Latter-day Saints,posted,2026-09-03T19:07:17.572833,585
6454ebd78c9131cc,https://fj.linkedin.com/jobs/view/senior-associate-tax-gcr-suva-at-ey-4460774316,Senior Associate Tax GCR Suva,EY,posted,2026-09-04T03:00:05.950243,587
53a416b96b308a5b,https://fj.linkedin.com/jobs/view/front-desk-administrator-at-weldon-barber-4461346124,Front Desk Administrator,Weldon Barber,posted,2026-09-04T03:00:23.128829,589
3d23a492b0e4139e,https://fj.linkedin.com/jobs/view/specialty-chef-japanese-at-radisson-hotel-group-4461518851,Specialty Chef - Japanese,Radisson Hotel Group,posted,2026-09-04T03:00:51.469817,591
4dd94bb953693960,https://fj.linkedin.com/jobs/view/mfs-risk-compliance-lead-at-digicel-pacific-business-4461108569,MFS Risk & Compliance Lead,,scraped,2026-09-04T08:30:00.706007,
ef11ec6a4351bfea,https://fj.linkedin.com/jobs/view/sous-chef-at-sheraton-hotels-resorts-4462123281,Sous Chef,Sheraton Hotels &amp; Resorts,posted,2026-09-04T08:31:14.040583,297
b3d66c927256b891,https://fj.linkedin.com/jobs/view/painter-at-sheraton-hotels-resorts-4463338737,Painter,Sheraton Hotels &amp; Resorts,posted,2026-09-04T14:01:15.632548,337
c0dc1f3820e27880,https://fj.linkedin.com/jobs/view/sales-consultant-at-ferguson-education-and-migration-4459755836,Sales Consultant,,scraped,2026-09-04T14:01:34.188373,
ce987493955bc8ce,https://fj.linkedin.com/jobs/view/nutrition-governance-institutional-framework-consultant-for-tonga-nuku%E2%80%99alofa-tonga-3-months-remote-with-travel-%23595469-at-unicef-chad-4459554199,"Nutrition Governance (institutional framework) consultant for Tonga, Nuku’alofa, Tonga, 3 Months, Remote (With Travel)#595469",Unicef CHAD,posted,2026-09-04T14:01:52.584386,593
4d8d0b42af763e33,https://fj.linkedin.com/jobs/view/duty-manager-at-sheraton-hotels-resorts-4463349559,Duty Manager,Sheraton Hotels &amp; Resorts,posted,2026-09-04T14:02:05.536829,467
bbecb9391b60c752,https://fj.linkedin.com/jobs/view/senior-travel-consultant-at-cj-patel-group-of-companies-4462748777,Senior Travel Consultant,,scraped,2026-09-04T18:49:30.476758,
e10ba23ba38da064,https://fj.linkedin.com/jobs/view/selezione-conducente-di-linea-operatore-d-esercizio-parametro-158-f-m-d-at-sasa-spa-ag-soc-autobus-servizi-d-area-4461177796,"Selezione Conducente di linea (operatore d'esercizio, Parametro 158) (f/m/d)",SASA SPA AG SOC AUTOBUS SERVIZI D'AREA,posted,2026-09-04T18:49:52.978596,595
a5c19d932f93ac27,https://fj.linkedin.com/jobs/view/sales-executive-nadi-at-digicel-pacific-business-4459900598,Sales Executive - Nadi,,scraped,2026-09-04T18:49:55.477524,
7031ce7e909e41a1,https://fj.linkedin.com/jobs/view/credit-analyst-credit-analyst-graduate-trainee-banking-finance-at-oceania-outsourcing-4460773903,Credit Analyst/Credit Analyst Graduate Trainee (Banking & Finance),,scraped,2026-09-04T18:50:03.991989,
fcefce96296be9ce,https://fj.linkedin.com/jobs/view/fiji-substitute-teacher-church-college-fiji-at-a-igreja-de-jesus-cristo-dos-santos-dos-%C3%BAltimos-dias-4460928228,FIJI: Substitute Teacher - Church College Fiji,,scraped,2026-09-04T18:50:17.219736,
b6bf66d398be340a,https://fj.linkedin.com/jobs/view/front-desk-team-leader-at-marriott-international-4462815222,Front Desk Team Leader,Marriott International,posted,2026-09-05T08:03:57.204741,99
e95bffd863e5b333,https://fj.linkedin.com/jobs/view/senior-accountant-at-hlb-advisory-fiji-4462331342,Senior Accountant,,scraped,2026-09-05T08:04:11.907005,
d4865fd07699a0bc,https://fj.linkedin.com/jobs/view/painter-at-marriott-international-4462832020,Painter,Marriott International,posted,2026-09-05T08:04:47.458597,337
f565aeeb75d4f43b,https://fj.linkedin.com/jobs/view/activities-manager-at-travel-%2B-leisure-co-4461122213,Activities Manager,Travel + Leisure Co.,posted,2026-09-05T16:33:29.851025,597
